timestamp,instance,rule,seed,makespan,jobs,machines,total_ops,agvCount,decisions,total_reward,timescale,parking_method,pre_dispatching_method,stochastic_tag,weibull_k,weibull_lambda,mean_ttf_theoretical,repair_log_mu,repair_log_sigma,episode_failures,total_repair_time,dynamic_arrivals,arrival_lambda,mean_interarrival_theoretical,mean_interarrival_realised,last_arrival_sim_time
2026-06-25 21:36:20,med_capctl_cap15,LPT_MMUR,42,12169.9,25,15,170,5,340,-0.7178,100.0,single,fixed,arr,0.0,0.0,0.0,0.0,0.0,0,0.0,15,0.044,22.7,26.9,403.2
2026-06-25 21:40:47,med_capctl_cap15,LPT_MMUR,43,12800.0,25,15,168,5,336,-0.7663,100.0,single,fixed,arr,0.0,0.0,0.0,0.0,0.0,0,0.0,15,0.044,22.7,35.6,533.3
2026-06-25 21:44:47,med_capctl_cap15,LPT_MMUR,44,11466.67,25,15,163,5,326,-0.7024,100.0,single,fixed,arr,0.0,0.0,0.0,0.0,0.0,0,0.0,15,0.044,22.7,20.0,300.0
2026-06-25 21:54:51,med_capctl_cap50,LPT_MMUR,42,28166.67,60,15,394,5,788,-0.7473,100.0,single,fixed,arr,0.0,0.0,0.0,0.0,0.0,0,0.0,50,0.044,22.7,29.3,1466.7
2026-06-25 22:05:08,med_capctl_cap50,LPT_MMUR,43,28366.67,60,15,396,5,792,-0.7504,100.0,single,fixed,arr,0.0,0.0,0.0,0.0,0.0,0,0.0,50,0.044,22.7,23.3,1166.7
2026-06-25 22:15:08,med_capctl_cap50,LPT_MMUR,44,27833.34,60,15,387,5,774,-0.7448,100.0,single,fixed,arr,0.0,0.0,0.0,0.0,0.0,0,0.0,50,0.044,22.7,24.7,1233.3
2026-06-25 22:43:46,med_capctl_cap150,LPT_MMUR,42,73766.67,160,15,1034,5,2068,-0.7889,100.0,single,fixed,arr,0.0,0.0,0.0,0.0,0.0,0,0.0,150,0.044,22.7,29.8,4466.7
2026-06-25 23:11:56,med_capctl_cap150,LPT_MMUR,43,73566.66,160,15,1031,5,2062,-0.78,100.0,single,fixed,arr,0.0,0.0,0.0,0.0,0.0,0,0.0,150,0.044,22.7,24.4,3666.7
2026-06-25 23:39:48,med_capctl_cap150,LPT_MMUR,44,73466.66,160,15,1041,5,2082,-0.7677,100.0,single,fixed,arr,0.0,0.0,0.0,0.0,0.0,0,0.0,150,0.044,22.7,23.8,3566.7
2026-06-26 01:03:51,med_capctl_cap400,LPT_MMUR,42,187000.0,410,15,2637,5,5274,-0.8228,100.0,single,fixed,arr,0.0,0.0,0.0,0.0,0.0,0,0.0,400,0.044,22.7,25.3,10100.0
2026-06-26 02:29:11,med_capctl_cap400,LPT_MMUR,43,188800.0,410,15,2655,5,5310,-0.8128,100.0,single,fixed,arr,0.0,0.0,0.0,0.0,0.0,0,0.0,400,0.044,22.7,23.3,9300.0
2026-06-26 03:52:36,med_capctl_cap400,LPT_MMUR,44,188266.69,410,15,2669,5,5338,-0.8012,100.0,single,fixed,arr,0.0,0.0,0.0,0.0,0.0,0,0.0,400,0.044,22.7,23.6,9433.4
2026-06-25 21:36:19,med_capctl_cap15,LPT_SMPT,42,12041.55,25,15,170,5,340,-0.7106,100.0,single,fixed,arr,0.0,0.0,0.0,0.0,0.0,0,0.0,15,0.044,22.7,27.2,408.2
2026-06-25 21:40:20,med_capctl_cap15,LPT_SMPT,43,11600.0,25,15,168,5,336,-0.6969,100.0,single,fixed,arr,0.0,0.0,0.0,0.0,0.0,0,0.0,15,0.044,22.7,35.6,533.3
2026-06-25 21:44:19,med_capctl_cap15,LPT_SMPT,44,11333.33,25,15,163,5,326,-0.6963,100.0,single,fixed,arr,0.0,0.0,0.0,0.0,0.0,0,0.0,15,0.044,22.7,20.0,300.0
2026-06-25 21:54:02,med_capctl_cap50,LPT_SMPT,42,26900.0,60,15,394,5,788,-0.716,100.0,single,fixed,arr,0.0,0.0,0.0,0.0,0.0,0,0.0,50,0.044,22.7,29.3,1466.7
2026-06-25 22:04:03,med_capctl_cap50,LPT_SMPT,43,27466.67,60,15,396,5,792,-0.7277,100.0,single,fixed,arr,0.0,0.0,0.0,0.0,0.0,0,0.0,50,0.044,22.7,23.3,1166.7
2026-06-25 22:13:47,med_capctl_cap50,LPT_SMPT,44,26866.67,60,15,387,5,774,-0.7207,100.0,single,fixed,arr,0.0,0.0,0.0,0.0,0.0,0,0.0,50,0.044,22.7,24.7,1233.3
2026-06-25 22:41:30,med_capctl_cap150,LPT_SMPT,42,69700.0,160,15,1034,5,2068,-0.7498,100.0,single,fixed,arr,0.0,0.0,0.0,0.0,0.0,0,0.0,150,0.044,22.7,29.8,4466.7
2026-06-25 23:09:04,med_capctl_cap150,LPT_SMPT,43,70333.33,160,15,1031,5,2062,-0.7486,100.0,single,fixed,arr,0.0,0.0,0.0,0.0,0.0,0,0.0,150,0.044,22.7,24.4,3666.7
2026-06-25 23:36:30,med_capctl_cap150,LPT_SMPT,44,70966.67,160,15,1041,5,2082,-0.7443,100.0,single,fixed,arr,0.0,0.0,0.0,0.0,0.0,0,0.0,150,0.044,22.7,23.8,3566.7
2026-06-26 00:59:37,med_capctl_cap400,LPT_SMPT,42,177700.0,410,15,2637,5,5274,-0.7876,100.0,single,fixed,arr,0.0,0.0,0.0,0.0,0.0,0,0.0,400,0.044,22.7,25.3,10100.0
2026-06-26 02:24:35,med_capctl_cap400,LPT_SMPT,43,180200.03,410,15,2655,5,5310,-0.7805,100.0,single,fixed,arr,0.0,0.0,0.0,0.0,0.0,0,0.0,400,0.044,22.7,23.3,9300.0
2026-06-26 03:48:56,med_capctl_cap400,LPT_SMPT,44,181366.69,410,15,2669,5,5338,-0.7754,100.0,single,fixed,arr,0.0,0.0,0.0,0.0,0.0,0,0.0,400,0.044,22.7,23.6,9433.3
2026-06-25 21:36:20,med_capctl_cap15,LRT_MMUR,42,12166.61,25,15,170,5,340,-0.7178,100.0,single,fixed,arr,0.0,0.0,0.0,0.0,0.0,0,0.0,15,0.044,22.7,26.7,399.9
2026-06-25 21:40:36,med_capctl_cap15,LRT_MMUR,43,12366.67,25,15,168,5,336,-0.7425,100.0,single,fixed,arr,0.0,0.0,0.0,0.0,0.0,0,0.0,15,0.044,22.7,35.6,533.3
2026-06-25 21:44:39,med_capctl_cap15,LRT_MMUR,44,11600.0,25,15,163,5,326,-0.7127,100.0,single,fixed,arr,0.0,0.0,0.0,0.0,0.0,0,0.0,15,0.044,22.7,20.0,300.0
2026-06-25 21:54:47,med_capctl_cap50,LRT_MMUR,42,28433.34,60,15,394,5,788,-0.754,100.0,single,fixed,arr,0.0,0.0,0.0,0.0,0.0,0,0.0,50,0.044,22.7,29.3,1466.7
2026-06-25 22:05:15,med_capctl_cap50,LRT_MMUR,43,28866.67,60,15,396,5,792,-0.7631,100.0,single,fixed,arr,0.0,0.0,0.0,0.0,0.0,0,0.0,50,0.044,22.7,23.3,1166.7
2026-06-25 22:15:15,med_capctl_cap50,LRT_MMUR,44,27900.0,60,15,387,5,774,-0.7474,100.0,single,fixed,arr,0.0,0.0,0.0,0.0,0.0,0,0.0,50,0.044,22.7,24.7,1233.3
2026-06-25 22:44:45,med_capctl_cap150,LRT_MMUR,42,75233.34,160,15,1034,5,2068,-0.803,100.0,single,fixed,arr,0.0,0.0,0.0,0.0,0.0,0,0.0,150,0.044,22.7,29.8,4466.7
2026-06-25 23:13:04,med_capctl_cap150,LRT_MMUR,43,74033.33,160,15,1031,5,2062,-0.7845,100.0,single,fixed,arr,0.0,0.0,0.0,0.0,0.0,0,0.0,150,0.044,22.7,24.4,3666.7
2026-06-25 23:41:44,med_capctl_cap150,LRT_MMUR,44,75166.69,160,15,1041,5,2082,-0.7844,100.0,single,fixed,arr,0.0,0.0,0.0,0.0,0.0,0,0.0,150,0.044,22.7,23.8,3566.7
2026-06-26 01:09:30,med_capctl_cap400,LRT_MMUR,42,192500.0,410,15,2637,5,5274,-0.8436,100.0,single,fixed,arr,0.0,0.0,0.0,0.0,0.0,0,0.0,400,0.044,22.7,25.3,10100.0
2026-06-26 02:37:51,med_capctl_cap400,LRT_MMUR,43,193166.69,410,15,2655,5,5310,-0.8293,100.0,single,fixed,arr,0.0,0.0,0.0,0.0,0.0,0,0.0,400,0.044,22.7,23.3,9300.0
2026-06-26 04:01:58,med_capctl_cap400,LRT_MMUR,44,193066.69,410,15,2669,5,5338,-0.8193,100.0,single,fixed,arr,0.0,0.0,0.0,0.0,0.0,0,0.0,400,0.044,22.7,23.6,9433.3
2026-06-25 21:36:14,med_capctl_cap15,SDT_SRWT,42,11834.12,25,15,170,5,340,-0.6983,100.0,single,fixed,arr,0.0,0.0,0.0,0.0,0.0,0,0.0,15,0.044,22.7,26.7,400.8
2026-06-25 21:40:19,med_capctl_cap15,SDT_SRWT,43,11733.33,25,15,168,5,336,-0.7028,100.0,single,fixed,arr,0.0,0.0,0.0,0.0,0.0,0,0.0,15,0.044,22.7,35.6,533.3
2026-06-25 21:44:16,med_capctl_cap15,SDT_SRWT,44,11266.67,25,15,163,5,326,-0.6881,100.0,single,fixed,arr,0.0,0.0,0.0,0.0,0.0,0,0.0,15,0.044,22.7,20.0,300.0
2026-06-25 21:54:03,med_capctl_cap50,SDT_SRWT,42,27266.67,60,15,394,5,788,-0.7244,100.0,single,fixed,arr,0.0,0.0,0.0,0.0,0.0,0,0.0,50,0.044,22.7,29.3,1466.7
2026-06-25 22:03:42,med_capctl_cap50,SDT_SRWT,43,26666.67,60,15,396,5,792,-0.7075,100.0,single,fixed,arr,0.0,0.0,0.0,0.0,0.0,0,0.0,50,0.044,22.7,23.3,1166.7
2026-06-25 22:13:09,med_capctl_cap50,SDT_SRWT,44,26233.34,60,15,387,5,774,-0.7026,100.0,single,fixed,arr,0.0,0.0,0.0,0.0,0.0,0,0.0,50,0.044,22.7,24.7,1233.3
2026-06-25 22:40:11,med_capctl_cap150,SDT_SRWT,42,69700.01,160,15,1034,5,2068,-0.7495,100.0,single,fixed,arr,0.0,0.0,0.0,0.0,0.0,0,0.0,150,0.044,22.7,29.8,4466.7
2026-06-25 23:06:45,med_capctl_cap150,SDT_SRWT,43,69066.67,160,15,1031,5,2062,-0.7363,100.0,single,fixed,arr,0.0,0.0,0.0,0.0,0.0,0,0.0,150,0.044,22.7,24.4,3666.7
2026-06-25 23:33:06,med_capctl_cap150,SDT_SRWT,44,69733.33,160,15,1041,5,2082,-0.7322,100.0,single,fixed,arr,0.0,0.0,0.0,0.0,0.0,0,0.0,150,0.044,22.7,23.8,3566.7
2026-06-26 00:52:27,med_capctl_cap400,SDT_SRWT,42,177066.69,410,15,2637,5,5274,-0.7851,100.0,single,fixed,arr,0.0,0.0,0.0,0.0,0.0,0,0.0,400,0.044,22.7,25.3,10100.0
2026-06-26 02:12:10,med_capctl_cap400,SDT_SRWT,43,177966.69,410,15,2655,5,5310,-0.772,100.0,single,fixed,arr,0.0,0.0,0.0,0.0,0.0,0,0.0,400,0.044,22.7,23.3,9300.0
2026-06-26 03:32:55,med_capctl_cap400,SDT_SRWT,44,178900.06,410,15,2669,5,5338,-0.7659,100.0,single,fixed,arr,0.0,0.0,0.0,0.0,0.0,0,0.0,400,0.044,22.7,23.6,9433.4
2026-06-25 21:36:13,med_capctl_cap15,SPT_SMPT,42,11701.49,25,15,170,5,340,-0.6921,100.0,single,fixed,arr,0.0,0.0,0.0,0.0,0.0,0,0.0,15,0.044,22.7,26.8,401.5
2026-06-25 21:40:13,med_capctl_cap15,SPT_SMPT,43,11466.67,25,15,168,5,336,-0.6889,100.0,single,fixed,arr,0.0,0.0,0.0,0.0,0.0,0,0.0,15,0.044,22.7,35.6,533.3
2026-06-25 21:44:18,med_capctl_cap15,SPT_SMPT,44,11566.67,25,15,163,5,326,-0.7086,100.0,single,fixed,arr,0.0,0.0,0.0,0.0,0.0,0,0.0,15,0.044,22.7,20.0,300.0
2026-06-25 21:54:01,med_capctl_cap50,SPT_SMPT,42,26933.33,60,15,394,5,788,-0.7168,100.0,single,fixed,arr,0.0,0.0,0.0,0.0,0.0,0,0.0,50,0.044,22.7,29.3,1466.7
2026-06-25 22:03:51,med_capctl_cap50,SPT_SMPT,43,26800.0,60,15,396,5,792,-0.7109,100.0,single,fixed,arr,0.0,0.0,0.0,0.0,0.0,0,0.0,50,0.044,22.7,23.3,1166.7
2026-06-25 22:13:31,med_capctl_cap50,SPT_SMPT,44,26700.0,60,15,387,5,774,-0.7164,100.0,single,fixed,arr,0.0,0.0,0.0,0.0,0.0,0,0.0,50,0.044,22.7,24.7,1233.3
2026-06-25 22:41:32,med_capctl_cap150,SPT_SMPT,42,70166.66,160,15,1034,5,2068,-0.754,100.0,single,fixed,arr,0.0,0.0,0.0,0.0,0.0,0,0.0,150,0.044,22.7,29.8,4466.7
2026-06-25 23:08:54,med_capctl_cap150,SPT_SMPT,43,69900.0,160,15,1031,5,2062,-0.7444,100.0,single,fixed,arr,0.0,0.0,0.0,0.0,0.0,0,0.0,150,0.044,22.7,24.4,3666.7
2026-06-25 23:36:27,med_capctl_cap150,SPT_SMPT,44,71000.0,160,15,1041,5,2082,-0.7447,100.0,single,fixed,arr,0.0,0.0,0.0,0.0,0.0,0,0.0,150,0.044,22.7,23.8,3566.7
2026-06-26 01:00:30,med_capctl_cap400,SPT_SMPT,42,179066.69,410,15,2637,5,5274,-0.7927,100.0,single,fixed,arr,0.0,0.0,0.0,0.0,0.0,0,0.0,400,0.044,22.7,25.3,10100.0
2026-06-26 02:25:33,med_capctl_cap400,SPT_SMPT,43,180200.03,410,15,2655,5,5310,-0.7804,100.0,single,fixed,arr,0.0,0.0,0.0,0.0,0.0,0,0.0,400,0.044,22.7,23.3,9300.0
2026-06-26 03:49:59,med_capctl_cap400,SPT_SMPT,44,181400.06,410,15,2669,5,5338,-0.7756,100.0,single,fixed,arr,0.0,0.0,0.0,0.0,0.0,0,0.0,400,0.044,22.7,23.6,9433.4
2026-06-25 21:36:12,med_capctl_cap15,SPT_SRWT,42,11701.11,25,15,170,5,340,-0.6901,100.0,single,fixed,arr,0.0,0.0,0.0,0.0,0.0,0,0.0,15,0.044,22.7,26.7,401.1
2026-06-25 21:40:18,med_capctl_cap15,SPT_SRWT,43,11800.0,25,15,168,5,336,-0.7068,100.0,single,fixed,arr,0.0,0.0,0.0,0.0,0.0,0,0.0,15,0.044,22.7,35.6,533.3
2026-06-25 21:44:14,med_capctl_cap15,SPT_SRWT,44,11266.67,25,15,163,5,326,-0.6902,100.0,single,fixed,arr,0.0,0.0,0.0,0.0,0.0,0,0.0,15,0.044,22.7,20.0,300.0
2026-06-25 21:53:54,med_capctl_cap50,SPT_SRWT,42,26966.67,60,15,394,5,788,-0.7168,100.0,single,fixed,arr,0.0,0.0,0.0,0.0,0.0,0,0.0,50,0.044,22.7,29.3,1466.7
2026-06-25 22:03:40,med_capctl_cap50,SPT_SRWT,43,26933.33,60,15,396,5,792,-0.7134,100.0,single,fixed,arr,0.0,0.0,0.0,0.0,0.0,0,0.0,50,0.044,22.7,23.3,1166.7
2026-06-25 22:13:04,med_capctl_cap50,SPT_SRWT,44,26200.0,60,15,387,5,774,-0.7026,100.0,single,fixed,arr,0.0,0.0,0.0,0.0,0.0,0,0.0,50,0.044,22.7,24.7,1233.3
2026-06-25 22:40:07,med_capctl_cap150,SPT_SRWT,42,69466.67,160,15,1034,5,2068,-0.7473,100.0,single,fixed,arr,0.0,0.0,0.0,0.0,0.0,0,0.0,150,0.044,22.7,29.8,4466.7
2026-06-25 23:06:39,med_capctl_cap150,SPT_SRWT,43,69200.02,160,15,1031,5,2062,-0.7379,100.0,single,fixed,arr,0.0,0.0,0.0,0.0,0.0,0,0.0,150,0.044,22.7,24.4,3666.7
2026-06-25 23:33:12,med_capctl_cap150,SPT_SRWT,44,70066.69,160,15,1041,5,2082,-0.7351,100.0,single,fixed,arr,0.0,0.0,0.0,0.0,0.0,0,0.0,150,0.044,22.7,23.8,3566.7
2026-06-26 00:52:26,med_capctl_cap400,SPT_SRWT,42,176833.34,410,15,2637,5,5274,-0.7842,100.0,single,fixed,arr,0.0,0.0,0.0,0.0,0.0,0,0.0,400,0.044,22.7,25.3,10100.0
2026-06-26 02:12:33,med_capctl_cap400,SPT_SRWT,43,178066.69,410,15,2655,5,5310,-0.7724,100.0,single,fixed,arr,0.0,0.0,0.0,0.0,0.0,0,0.0,400,0.044,22.7,23.3,9300.0
2026-06-26 03:33:25,med_capctl_cap400,SPT_SRWT,44,178966.69,410,15,2669,5,5338,-0.7663,100.0,single,fixed,arr,0.0,0.0,0.0,0.0,0.0,0,0.0,400,0.044,22.7,23.6,9433.4
2026-06-25 21:36:15,med_capctl_cap15,SRT_SMPT,42,11732.99,25,15,170,5,340,-0.6942,100.0,single,fixed,arr,0.0,0.0,0.0,0.0,0.0,0,0.0,15,0.044,22.7,26.6,399.7
2026-06-25 21:40:24,med_capctl_cap15,SRT_SMPT,43,11766.67,25,15,168,5,336,-0.7068,100.0,single,fixed,arr,0.0,0.0,0.0,0.0,0.0,0,0.0,15,0.044,22.7,35.6,533.3
2026-06-25 21:44:28,med_capctl_cap15,SRT_SMPT,44,11466.67,25,15,163,5,326,-0.7045,100.0,single,fixed,arr,0.0,0.0,0.0,0.0,0.0,0,0.0,15,0.044,22.7,20.0,300.0
2026-06-25 21:54:19,med_capctl_cap50,SRT_SMPT,42,27033.34,60,15,394,5,788,-0.7193,100.0,single,fixed,arr,0.0,0.0,0.0,0.0,0.0,0,0.0,50,0.044,22.7,29.3,1466.7
2026-06-25 22:04:15,med_capctl_cap50,SRT_SMPT,43,27100.0,60,15,396,5,792,-0.7193,100.0,single,fixed,arr,0.0,0.0,0.0,0.0,0.0,0,0.0,50,0.044,22.7,23.3,1166.7
2026-06-25 22:13:54,med_capctl_cap50,SRT_SMPT,44,26500.0,60,15,387,5,774,-0.7104,100.0,single,fixed,arr,0.0,0.0,0.0,0.0,0.0,0,0.0,50,0.044,22.7,24.7,1233.3
2026-06-25 22:41:42,med_capctl_cap150,SRT_SMPT,42,69766.66,160,15,1034,5,2068,-0.7502,100.0,single,fixed,arr,0.0,0.0,0.0,0.0,0.0,0,0.0,150,0.044,22.7,29.8,4466.7
2026-06-25 23:09:16,med_capctl_cap150,SRT_SMPT,43,70266.67,160,15,1031,5,2062,-0.7483,100.0,single,fixed,arr,0.0,0.0,0.0,0.0,0.0,0,0.0,150,0.044,22.7,24.4,3666.7
2026-06-25 23:36:44,med_capctl_cap150,SRT_SMPT,44,71033.33,160,15,1041,5,2082,-0.7447,100.0,single,fixed,arr,0.0,0.0,0.0,0.0,0.0,0,0.0,150,0.044,22.7,23.8,3566.7
2026-06-26 01:00:14,med_capctl_cap400,SRT_SMPT,42,178233.34,410,15,2637,5,5274,-0.7895,100.0,single,fixed,arr,0.0,0.0,0.0,0.0,0.0,0,0.0,400,0.044,22.7,25.3,10100.0
2026-06-26 02:24:21,med_capctl_cap400,SRT_SMPT,43,179533.34,410,15,2655,5,5310,-0.7779,100.0,single,fixed,arr,0.0,0.0,0.0,0.0,0.0,0,0.0,400,0.044,22.7,23.3,9300.0
2026-06-26 03:48:20,med_capctl_cap400,SRT_SMPT,44,180866.69,410,15,2669,5,5338,-0.7734,100.0,single,fixed,arr,0.0,0.0,0.0,0.0,0.0,0,0.0,400,0.044,22.7,23.6,9433.4
2026-06-25 21:36:15,med_capctl_cap15,SRT_SRWT,42,11937.09,25,15,170,5,340,-0.7042,100.0,single,fixed,arr,0.0,0.0,0.0,0.0,0.0,0,0.0,15,0.044,22.7,26.9,403.8
2026-06-25 21:40:20,med_capctl_cap15,SRT_SRWT,43,11766.67,25,15,168,5,336,-0.7048,100.0,single,fixed,arr,0.0,0.0,0.0,0.0,0.0,0,0.0,15,0.044,22.7,35.6,533.3
2026-06-25 21:44:18,med_capctl_cap15,SRT_SRWT,44,11333.33,25,15,163,5,326,-0.6943,100.0,single,fixed,arr,0.0,0.0,0.0,0.0,0.0,0,0.0,15,0.044,22.7,20.0,300.0
2026-06-25 21:53:54,med_capctl_cap50,SRT_SRWT,42,26866.67,60,15,394,5,788,-0.7143,100.0,single,fixed,arr,0.0,0.0,0.0,0.0,0.0,0,0.0,50,0.044,22.7,29.3,1466.7
2026-06-25 22:03:43,med_capctl_cap50,SRT_SRWT,43,27066.67,60,15,396,5,792,-0.7176,100.0,single,fixed,arr,0.0,0.0,0.0,0.0,0.0,0,0.0,50,0.044,22.7,23.3,1166.7
2026-06-25 22:13:11,med_capctl_cap50,SRT_SRWT,44,26400.0,60,15,387,5,774,-0.7078,100.0,single,fixed,arr,0.0,0.0,0.0,0.0,0.0,0,0.0,50,0.044,22.7,24.7,1233.3
2026-06-25 22:40:14,med_capctl_cap150,SRT_SRWT,42,69666.67,160,15,1034,5,2068,-0.7492,100.0,single,fixed,arr,0.0,0.0,0.0,0.0,0.0,0,0.0,150,0.044,22.7,29.8,4466.7
2026-06-25 23:06:48,med_capctl_cap150,SRT_SRWT,43,69500.02,160,15,1031,5,2062,-0.7405,100.0,single,fixed,arr,0.0,0.0,0.0,0.0,0.0,0,0.0,150,0.044,22.7,24.4,3666.7
2026-06-25 23:33:26,med_capctl_cap150,SRT_SRWT,44,70433.34,160,15,1041,5,2082,-0.7386,100.0,single,fixed,arr,0.0,0.0,0.0,0.0,0.0,0,0.0,150,0.044,22.7,23.8,3566.7
2026-06-26 00:52:28,med_capctl_cap400,SRT_SRWT,42,176833.38,410,15,2637,5,5274,-0.7842,100.0,single,fixed,arr,0.0,0.0,0.0,0.0,0.0,0,0.0,400,0.044,22.7,25.3,10100.0
2026-06-26 02:12:10,med_capctl_cap400,SRT_SRWT,43,177866.69,410,15,2655,5,5310,-0.7715,100.0,single,fixed,arr,0.0,0.0,0.0,0.0,0.0,0,0.0,400,0.044,22.7,23.3,9300.0
2026-06-26 03:32:45,med_capctl_cap400,SRT_SRWT,44,178800.06,410,15,2669,5,5338,-0.7656,100.0,single,fixed,arr,0.0,0.0,0.0,0.0,0.0,0,0.0,400,0.044,22.7,23.6,9433.4
2026-06-25 21:36:26,med_capctl_cap15,random,42,12333.52,25,15,178,5,356,-0.6951,100.0,single,fixed,arr,0.0,0.0,0.0,0.0,0.0,0,0.0,15,0.044,22.7,26.7,400.2
2026-06-25 21:40:24,med_capctl_cap15,random,43,11433.33,25,15,165,5,330,-0.6963,100.0,single,fixed,arr,0.0,0.0,0.0,0.0,0.0,0,0.0,15,0.044,22.7,35.6,533.3
2026-06-25 21:44:33,med_capctl_cap15,random,44,11800.0,25,15,171,5,342,-0.6896,100.0,single,fixed,arr,0.0,0.0,0.0,0.0,0.0,0,0.0,15,0.044,22.7,20.0,300.0
2026-06-25 21:54:26,med_capctl_cap50,random,42,27433.34,60,15,400,5,800,-0.7179,100.0,single,fixed,arr,0.0,0.0,0.0,0.0,0.0,0,0.0,50,0.044,22.7,29.3,1466.7
2026-06-25 22:04:37,med_capctl_cap50,random,43,27800.0,60,15,404,5,808,-0.7237,100.0,single,fixed,arr,0.0,0.0,0.0,0.0,0.0,0,0.0,50,0.044,22.7,23.3,1166.7
2026-06-25 22:14:28,med_capctl_cap50,random,44,27200.0,60,15,396,5,792,-0.7113,100.0,single,fixed,arr,0.0,0.0,0.0,0.0,0.0,0,0.0,50,0.044,22.7,24.7,1233.3
2026-06-25 22:42:22,med_capctl_cap150,random,42,70233.34,160,15,1036,5,2072,-0.7548,100.0,single,fixed,arr,0.0,0.0,0.0,0.0,0.0,0,0.0,150,0.044,22.7,29.8,4466.7
2026-06-25 23:09:45,med_capctl_cap150,random,43,70466.67,160,15,1039,5,2078,-0.7453,100.0,single,fixed,arr,0.0,0.0,0.0,0.0,0.0,0,0.0,150,0.044,22.7,24.4,3666.7
2026-06-25 23:37:52,med_capctl_cap150,random,44,72866.66,160,15,1068,5,2136,-0.7417,100.0,single,fixed,arr,0.0,0.0,0.0,0.0,0.0,0,0.0,150,0.044,22.7,23.8,3566.7
2026-06-26 01:02:38,med_capctl_cap400,random,42,182366.69,410,15,2699,5,5398,-0.7877,100.0,single,fixed,arr,0.0,0.0,0.0,0.0,0.0,0,0.0,400,0.044,22.7,25.3,10100.0
2026-06-26 02:26:31,med_capctl_cap400,random,43,179366.69,410,15,2648,5,5296,-0.7794,100.0,single,fixed,arr,0.0,0.0,0.0,0.0,0.0,0,0.0,400,0.044,22.7,23.3,9300.0
2026-06-26 03:50:25,med_capctl_cap400,random,44,182133.38,410,15,2677,5,5354,-0.7735,100.0,single,fixed,arr,0.0,0.0,0.0,0.0,0.0,0,0.0,400,0.044,22.7,23.6,9433.4
