timestamp,instance,rule,seed,makespan,zone_id,zone_name,aisle_type,flow_direction,traversal_count,block_events,total_block_time,mean_block_time,block_rate
2026-05-31 00:44:48,brandimarte_mk01,LPT_MMUR,42,6222.51,0,RowAisle0_Seg0,RowAisle,East,78,44,11.44,0.26,0.3607
2026-05-31 00:44:48,brandimarte_mk01,LPT_MMUR,42,6222.51,1,RowAisle0_Seg1,RowAisle,East,78,346,89.96,0.26,0.8160
2026-05-31 00:44:48,brandimarte_mk01,LPT_MMUR,42,6222.51,2,RowAisle0_Seg2,RowAisle,East,78,4,1.04,0.26,0.0488
2026-05-31 00:44:48,brandimarte_mk01,LPT_MMUR,42,6222.51,3,TopSpine_Seg0,SpineAisle,East,10,0,0.00,0.00,0.0000
2026-05-31 00:44:48,brandimarte_mk01,LPT_MMUR,42,6222.51,4,TopSpine_Seg1,SpineAisle,East,10,0,0.00,0.00,0.0000
2026-05-31 00:44:48,brandimarte_mk01,LPT_MMUR,42,6222.51,5,TopSpine_Seg2,SpineAisle,East,10,0,0.00,0.00,0.0000
2026-05-31 00:44:48,brandimarte_mk01,LPT_MMUR,42,6222.51,6,TopSpine_Seg3,SpineAisle,East,10,0,0.00,0.00,0.0000
2026-05-31 00:44:48,brandimarte_mk01,LPT_MMUR,42,6222.51,7,BotSpine_Seg0,SpineAisle,West,88,0,0.00,0.00,0.0000
2026-05-31 00:44:48,brandimarte_mk01,LPT_MMUR,42,6222.51,8,BotSpine_Seg1,SpineAisle,West,88,0,0.00,0.00,0.0000
2026-05-31 00:44:48,brandimarte_mk01,LPT_MMUR,42,6222.51,9,BotSpine_Seg2,SpineAisle,West,88,0,0.00,0.00,0.0000
2026-05-31 00:44:48,brandimarte_mk01,LPT_MMUR,42,6222.51,10,BotSpine_Seg3,SpineAisle,West,88,0,0.00,0.00,0.0000
2026-05-31 00:44:48,brandimarte_mk01,LPT_MMUR,42,6222.51,11,LeftVert_TopConn,VerticalAisle,North,10,0,0.00,0.00,0.0000
2026-05-31 00:44:48,brandimarte_mk01,LPT_MMUR,42,6222.51,12,LeftVert_Row0,VerticalAisle,North,88,326,84.76,0.26,0.7874
2026-05-31 00:44:48,brandimarte_mk01,LPT_MMUR,42,6222.51,13,LeftVert_BotConn,VerticalAisle,North,88,145,37.70,0.26,0.6223
2026-05-31 00:44:48,brandimarte_mk01,LPT_MMUR,42,6222.51,14,RightVert_TopConn,VerticalAisle,South,10,0,0.00,0.00,0.0000
2026-05-31 00:44:48,brandimarte_mk01,LPT_MMUR,42,6222.51,15,RightVert_Row0,VerticalAisle,South,88,5,1.30,0.26,0.0538
2026-05-31 00:44:48,brandimarte_mk01,LPT_MMUR,42,6222.51,16,RightVert_BotConn,VerticalAisle,South,88,11,2.86,0.26,0.1111
2026-05-31 00:47:24,brandimarte_mk01,LPT_MMUR,43,6333.33,0,RowAisle0_Seg0,RowAisle,East,78,34,8.84,0.26,0.3036
2026-05-31 00:47:24,brandimarte_mk01,LPT_MMUR,43,6333.33,1,RowAisle0_Seg1,RowAisle,East,78,346,89.96,0.26,0.8160
2026-05-31 00:47:24,brandimarte_mk01,LPT_MMUR,43,6333.33,2,RowAisle0_Seg2,RowAisle,East,78,0,0.00,0.00,0.0000
2026-05-31 00:47:24,brandimarte_mk01,LPT_MMUR,43,6333.33,3,TopSpine_Seg0,SpineAisle,East,10,0,0.00,0.00,0.0000
2026-05-31 00:47:24,brandimarte_mk01,LPT_MMUR,43,6333.33,4,TopSpine_Seg1,SpineAisle,East,10,0,0.00,0.00,0.0000
2026-05-31 00:47:24,brandimarte_mk01,LPT_MMUR,43,6333.33,5,TopSpine_Seg2,SpineAisle,East,10,0,0.00,0.00,0.0000
2026-05-31 00:47:24,brandimarte_mk01,LPT_MMUR,43,6333.33,6,TopSpine_Seg3,SpineAisle,East,10,0,0.00,0.00,0.0000
2026-05-31 00:47:24,brandimarte_mk01,LPT_MMUR,43,6333.33,7,BotSpine_Seg0,SpineAisle,West,88,0,0.00,0.00,0.0000
2026-05-31 00:47:24,brandimarte_mk01,LPT_MMUR,43,6333.33,8,BotSpine_Seg1,SpineAisle,West,88,0,0.00,0.00,0.0000
2026-05-31 00:47:24,brandimarte_mk01,LPT_MMUR,43,6333.33,9,BotSpine_Seg2,SpineAisle,West,88,0,0.00,0.00,0.0000
2026-05-31 00:47:24,brandimarte_mk01,LPT_MMUR,43,6333.33,10,BotSpine_Seg3,SpineAisle,West,88,0,0.00,0.00,0.0000
2026-05-31 00:47:24,brandimarte_mk01,LPT_MMUR,43,6333.33,11,LeftVert_TopConn,VerticalAisle,North,10,0,0.00,0.00,0.0000
2026-05-31 00:47:24,brandimarte_mk01,LPT_MMUR,43,6333.33,12,LeftVert_Row0,VerticalAisle,North,88,328,85.28,0.26,0.7885
2026-05-31 00:47:24,brandimarte_mk01,LPT_MMUR,43,6333.33,13,LeftVert_BotConn,VerticalAisle,North,88,128,33.28,0.26,0.5926
2026-05-31 00:47:24,brandimarte_mk01,LPT_MMUR,43,6333.33,14,RightVert_TopConn,VerticalAisle,South,10,0,0.00,0.00,0.0000
2026-05-31 00:47:24,brandimarte_mk01,LPT_MMUR,43,6333.33,15,RightVert_Row0,VerticalAisle,South,88,0,0.00,0.00,0.0000
2026-05-31 00:47:24,brandimarte_mk01,LPT_MMUR,43,6333.33,16,RightVert_BotConn,VerticalAisle,South,88,0,0.00,0.00,0.0000
2026-05-31 00:49:59,brandimarte_mk01,LPT_MMUR,44,6333.33,0,RowAisle0_Seg0,RowAisle,East,78,34,8.84,0.26,0.3036
2026-05-31 00:49:59,brandimarte_mk01,LPT_MMUR,44,6333.33,1,RowAisle0_Seg1,RowAisle,East,78,346,89.96,0.26,0.8160
2026-05-31 00:49:59,brandimarte_mk01,LPT_MMUR,44,6333.33,2,RowAisle0_Seg2,RowAisle,East,78,0,0.00,0.00,0.0000
2026-05-31 00:49:59,brandimarte_mk01,LPT_MMUR,44,6333.33,3,TopSpine_Seg0,SpineAisle,East,10,0,0.00,0.00,0.0000
2026-05-31 00:49:59,brandimarte_mk01,LPT_MMUR,44,6333.33,4,TopSpine_Seg1,SpineAisle,East,10,0,0.00,0.00,0.0000
2026-05-31 00:49:59,brandimarte_mk01,LPT_MMUR,44,6333.33,5,TopSpine_Seg2,SpineAisle,East,10,0,0.00,0.00,0.0000
2026-05-31 00:49:59,brandimarte_mk01,LPT_MMUR,44,6333.33,6,TopSpine_Seg3,SpineAisle,East,10,0,0.00,0.00,0.0000
2026-05-31 00:49:59,brandimarte_mk01,LPT_MMUR,44,6333.33,7,BotSpine_Seg0,SpineAisle,West,88,0,0.00,0.00,0.0000
2026-05-31 00:49:59,brandimarte_mk01,LPT_MMUR,44,6333.33,8,BotSpine_Seg1,SpineAisle,West,88,0,0.00,0.00,0.0000
2026-05-31 00:49:59,brandimarte_mk01,LPT_MMUR,44,6333.33,9,BotSpine_Seg2,SpineAisle,West,88,0,0.00,0.00,0.0000
2026-05-31 00:49:59,brandimarte_mk01,LPT_MMUR,44,6333.33,10,BotSpine_Seg3,SpineAisle,West,88,0,0.00,0.00,0.0000
2026-05-31 00:49:59,brandimarte_mk01,LPT_MMUR,44,6333.33,11,LeftVert_TopConn,VerticalAisle,North,10,0,0.00,0.00,0.0000
2026-05-31 00:49:59,brandimarte_mk01,LPT_MMUR,44,6333.33,12,LeftVert_Row0,VerticalAisle,North,88,328,85.28,0.26,0.7885
2026-05-31 00:49:59,brandimarte_mk01,LPT_MMUR,44,6333.33,13,LeftVert_BotConn,VerticalAisle,North,88,128,33.28,0.26,0.5926
2026-05-31 00:49:59,brandimarte_mk01,LPT_MMUR,44,6333.33,14,RightVert_TopConn,VerticalAisle,South,10,0,0.00,0.00,0.0000
2026-05-31 00:49:59,brandimarte_mk01,LPT_MMUR,44,6333.33,15,RightVert_Row0,VerticalAisle,South,88,0,0.00,0.00,0.0000
2026-05-31 00:49:59,brandimarte_mk01,LPT_MMUR,44,6333.33,16,RightVert_BotConn,VerticalAisle,South,88,0,0.00,0.00,0.0000
2026-05-31 00:56:44,brandimarte_mk03,LPT_MMUR,42,16300.00,0,RowAisle0_Seg0,RowAisle,East,223,22,5.72,0.26,0.0898
2026-05-31 00:56:44,brandimarte_mk03,LPT_MMUR,42,16300.00,1,RowAisle0_Seg1,RowAisle,East,223,139,36.14,0.26,0.3840
2026-05-31 00:56:44,brandimarte_mk03,LPT_MMUR,42,16300.00,2,RowAisle0_Seg2,RowAisle,East,223,15,3.90,0.26,0.0630
2026-05-31 00:56:44,brandimarte_mk03,LPT_MMUR,42,16300.00,3,RowAisle1_Seg0,RowAisle,West,73,0,0.00,0.00,0.0000
2026-05-31 00:56:44,brandimarte_mk03,LPT_MMUR,42,16300.00,4,RowAisle1_Seg1,RowAisle,West,73,0,0.00,0.00,0.0000
2026-05-31 00:56:44,brandimarte_mk03,LPT_MMUR,42,16300.00,5,RowAisle1_Seg2,RowAisle,West,73,0,0.00,0.00,0.0000
2026-05-31 00:56:44,brandimarte_mk03,LPT_MMUR,42,16300.00,6,TopSpine_Seg0,SpineAisle,East,15,0,0.00,0.00,0.0000
2026-05-31 00:56:44,brandimarte_mk03,LPT_MMUR,42,16300.00,7,TopSpine_Seg1,SpineAisle,East,15,0,0.00,0.00,0.0000
2026-05-31 00:56:44,brandimarte_mk03,LPT_MMUR,42,16300.00,8,TopSpine_Seg2,SpineAisle,East,15,0,0.00,0.00,0.0000
2026-05-31 00:56:44,brandimarte_mk03,LPT_MMUR,42,16300.00,9,TopSpine_Seg3,SpineAisle,East,15,0,0.00,0.00,0.0000
2026-05-31 00:56:44,brandimarte_mk03,LPT_MMUR,42,16300.00,10,BotSpine_Seg0,SpineAisle,West,165,0,0.00,0.00,0.0000
2026-05-31 00:56:44,brandimarte_mk03,LPT_MMUR,42,16300.00,11,BotSpine_Seg1,SpineAisle,West,165,0,0.00,0.00,0.0000
2026-05-31 00:56:44,brandimarte_mk03,LPT_MMUR,42,16300.00,12,BotSpine_Seg2,SpineAisle,West,165,0,0.00,0.00,0.0000
2026-05-31 00:56:44,brandimarte_mk03,LPT_MMUR,42,16300.00,13,BotSpine_Seg3,SpineAisle,West,165,0,0.00,0.00,0.0000
2026-05-31 00:56:44,brandimarte_mk03,LPT_MMUR,42,16300.00,14,LeftVert_TopConn,VerticalAisle,North,15,0,0.00,0.00,0.0000
2026-05-31 00:56:44,brandimarte_mk03,LPT_MMUR,42,16300.00,15,LeftVert_Row0,VerticalAisle,North,238,877,228.02,0.26,0.7865
2026-05-31 00:56:44,brandimarte_mk03,LPT_MMUR,42,16300.00,16,LeftVert_Row1,VerticalAisle,North,238,63,16.38,0.26,0.2093
2026-05-31 00:56:44,brandimarte_mk03,LPT_MMUR,42,16300.00,17,LeftVert_BotConn,VerticalAisle,North,165,372,96.72,0.26,0.6927
2026-05-31 00:56:44,brandimarte_mk03,LPT_MMUR,42,16300.00,18,RightVert_TopConn,VerticalAisle,South,15,0,0.00,0.00,0.0000
2026-05-31 00:56:44,brandimarte_mk03,LPT_MMUR,42,16300.00,19,RightVert_Row0,VerticalAisle,South,238,0,0.00,0.00,0.0000
2026-05-31 00:56:44,brandimarte_mk03,LPT_MMUR,42,16300.00,20,RightVert_Row1,VerticalAisle,South,238,6,1.56,0.26,0.0246
2026-05-31 00:56:44,brandimarte_mk03,LPT_MMUR,42,16300.00,21,RightVert_BotConn,VerticalAisle,South,165,0,0.00,0.00,0.0000
2026-05-31 01:03:28,brandimarte_mk03,LPT_MMUR,43,16300.00,0,RowAisle0_Seg0,RowAisle,East,223,22,5.72,0.26,0.0898
2026-05-31 01:03:28,brandimarte_mk03,LPT_MMUR,43,16300.00,1,RowAisle0_Seg1,RowAisle,East,223,139,36.14,0.26,0.3840
2026-05-31 01:03:28,brandimarte_mk03,LPT_MMUR,43,16300.00,2,RowAisle0_Seg2,RowAisle,East,223,15,3.90,0.26,0.0630
2026-05-31 01:03:28,brandimarte_mk03,LPT_MMUR,43,16300.00,3,RowAisle1_Seg0,RowAisle,West,73,0,0.00,0.00,0.0000
2026-05-31 01:03:28,brandimarte_mk03,LPT_MMUR,43,16300.00,4,RowAisle1_Seg1,RowAisle,West,73,0,0.00,0.00,0.0000
2026-05-31 01:03:28,brandimarte_mk03,LPT_MMUR,43,16300.00,5,RowAisle1_Seg2,RowAisle,West,73,0,0.00,0.00,0.0000
2026-05-31 01:03:28,brandimarte_mk03,LPT_MMUR,43,16300.00,6,TopSpine_Seg0,SpineAisle,East,15,0,0.00,0.00,0.0000
2026-05-31 01:03:28,brandimarte_mk03,LPT_MMUR,43,16300.00,7,TopSpine_Seg1,SpineAisle,East,15,0,0.00,0.00,0.0000
2026-05-31 01:03:28,brandimarte_mk03,LPT_MMUR,43,16300.00,8,TopSpine_Seg2,SpineAisle,East,15,0,0.00,0.00,0.0000
2026-05-31 01:03:28,brandimarte_mk03,LPT_MMUR,43,16300.00,9,TopSpine_Seg3,SpineAisle,East,15,0,0.00,0.00,0.0000
2026-05-31 01:03:28,brandimarte_mk03,LPT_MMUR,43,16300.00,10,BotSpine_Seg0,SpineAisle,West,165,0,0.00,0.00,0.0000
2026-05-31 01:03:28,brandimarte_mk03,LPT_MMUR,43,16300.00,11,BotSpine_Seg1,SpineAisle,West,165,0,0.00,0.00,0.0000
2026-05-31 01:03:28,brandimarte_mk03,LPT_MMUR,43,16300.00,12,BotSpine_Seg2,SpineAisle,West,165,0,0.00,0.00,0.0000
2026-05-31 01:03:28,brandimarte_mk03,LPT_MMUR,43,16300.00,13,BotSpine_Seg3,SpineAisle,West,165,0,0.00,0.00,0.0000
2026-05-31 01:03:28,brandimarte_mk03,LPT_MMUR,43,16300.00,14,LeftVert_TopConn,VerticalAisle,North,15,0,0.00,0.00,0.0000
2026-05-31 01:03:28,brandimarte_mk03,LPT_MMUR,43,16300.00,15,LeftVert_Row0,VerticalAisle,North,238,877,228.02,0.26,0.7865
2026-05-31 01:03:28,brandimarte_mk03,LPT_MMUR,43,16300.00,16,LeftVert_Row1,VerticalAisle,North,238,63,16.38,0.26,0.2093
2026-05-31 01:03:28,brandimarte_mk03,LPT_MMUR,43,16300.00,17,LeftVert_BotConn,VerticalAisle,North,165,372,96.72,0.26,0.6927
2026-05-31 01:03:28,brandimarte_mk03,LPT_MMUR,43,16300.00,18,RightVert_TopConn,VerticalAisle,South,15,0,0.00,0.00,0.0000
2026-05-31 01:03:28,brandimarte_mk03,LPT_MMUR,43,16300.00,19,RightVert_Row0,VerticalAisle,South,238,0,0.00,0.00,0.0000
2026-05-31 01:03:28,brandimarte_mk03,LPT_MMUR,43,16300.00,20,RightVert_Row1,VerticalAisle,South,238,6,1.56,0.26,0.0246
2026-05-31 01:03:28,brandimarte_mk03,LPT_MMUR,43,16300.00,21,RightVert_BotConn,VerticalAisle,South,165,0,0.00,0.00,0.0000
2026-05-31 01:10:10,brandimarte_mk03,LPT_MMUR,44,16300.00,0,RowAisle0_Seg0,RowAisle,East,223,22,5.72,0.26,0.0898
2026-05-31 01:10:10,brandimarte_mk03,LPT_MMUR,44,16300.00,1,RowAisle0_Seg1,RowAisle,East,223,139,36.14,0.26,0.3840
2026-05-31 01:10:10,brandimarte_mk03,LPT_MMUR,44,16300.00,2,RowAisle0_Seg2,RowAisle,East,223,15,3.90,0.26,0.0630
2026-05-31 01:10:10,brandimarte_mk03,LPT_MMUR,44,16300.00,3,RowAisle1_Seg0,RowAisle,West,73,0,0.00,0.00,0.0000
2026-05-31 01:10:10,brandimarte_mk03,LPT_MMUR,44,16300.00,4,RowAisle1_Seg1,RowAisle,West,73,0,0.00,0.00,0.0000
2026-05-31 01:10:10,brandimarte_mk03,LPT_MMUR,44,16300.00,5,RowAisle1_Seg2,RowAisle,West,73,0,0.00,0.00,0.0000
2026-05-31 01:10:10,brandimarte_mk03,LPT_MMUR,44,16300.00,6,TopSpine_Seg0,SpineAisle,East,15,0,0.00,0.00,0.0000
2026-05-31 01:10:10,brandimarte_mk03,LPT_MMUR,44,16300.00,7,TopSpine_Seg1,SpineAisle,East,15,0,0.00,0.00,0.0000
2026-05-31 01:10:10,brandimarte_mk03,LPT_MMUR,44,16300.00,8,TopSpine_Seg2,SpineAisle,East,15,0,0.00,0.00,0.0000
2026-05-31 01:10:10,brandimarte_mk03,LPT_MMUR,44,16300.00,9,TopSpine_Seg3,SpineAisle,East,15,0,0.00,0.00,0.0000
2026-05-31 01:10:10,brandimarte_mk03,LPT_MMUR,44,16300.00,10,BotSpine_Seg0,SpineAisle,West,165,0,0.00,0.00,0.0000
2026-05-31 01:10:10,brandimarte_mk03,LPT_MMUR,44,16300.00,11,BotSpine_Seg1,SpineAisle,West,165,0,0.00,0.00,0.0000
2026-05-31 01:10:10,brandimarte_mk03,LPT_MMUR,44,16300.00,12,BotSpine_Seg2,SpineAisle,West,165,0,0.00,0.00,0.0000
2026-05-31 01:10:10,brandimarte_mk03,LPT_MMUR,44,16300.00,13,BotSpine_Seg3,SpineAisle,West,165,0,0.00,0.00,0.0000
2026-05-31 01:10:10,brandimarte_mk03,LPT_MMUR,44,16300.00,14,LeftVert_TopConn,VerticalAisle,North,15,0,0.00,0.00,0.0000
2026-05-31 01:10:10,brandimarte_mk03,LPT_MMUR,44,16300.00,15,LeftVert_Row0,VerticalAisle,North,238,877,228.01,0.26,0.7865
2026-05-31 01:10:10,brandimarte_mk03,LPT_MMUR,44,16300.00,16,LeftVert_Row1,VerticalAisle,North,238,63,16.38,0.26,0.2093
2026-05-31 01:10:10,brandimarte_mk03,LPT_MMUR,44,16300.00,17,LeftVert_BotConn,VerticalAisle,North,165,372,96.72,0.26,0.6927
2026-05-31 01:10:10,brandimarte_mk03,LPT_MMUR,44,16300.00,18,RightVert_TopConn,VerticalAisle,South,15,0,0.00,0.00,0.0000
2026-05-31 01:10:10,brandimarte_mk03,LPT_MMUR,44,16300.00,19,RightVert_Row0,VerticalAisle,South,238,0,0.00,0.00,0.0000
2026-05-31 01:10:10,brandimarte_mk03,LPT_MMUR,44,16300.00,20,RightVert_Row1,VerticalAisle,South,238,6,1.56,0.26,0.0246
2026-05-31 01:10:10,brandimarte_mk03,LPT_MMUR,44,16300.00,21,RightVert_BotConn,VerticalAisle,South,165,0,0.00,0.00,0.0000
2026-05-31 01:13:14,brandimarte_mk04,LPT_MMUR,42,7400.01,0,RowAisle0_Seg0,RowAisle,East,135,463,120.38,0.26,0.7742
2026-05-31 01:13:14,brandimarte_mk04,LPT_MMUR,42,7400.01,1,RowAisle0_Seg1,RowAisle,East,135,211,54.85,0.26,0.6098
2026-05-31 01:13:14,brandimarte_mk04,LPT_MMUR,42,7400.01,2,RowAisle0_Seg2,RowAisle,East,135,10,2.60,0.26,0.0690
2026-05-31 01:13:14,brandimarte_mk04,LPT_MMUR,42,7400.01,3,RowAisle1_Seg0,RowAisle,West,45,0,0.00,0.00,0.0000
2026-05-31 01:13:14,brandimarte_mk04,LPT_MMUR,42,7400.01,4,RowAisle1_Seg1,RowAisle,West,45,0,0.00,0.00,0.0000
2026-05-31 01:13:14,brandimarte_mk04,LPT_MMUR,42,7400.01,5,RowAisle1_Seg2,RowAisle,West,45,0,0.00,0.00,0.0000
2026-05-31 01:13:14,brandimarte_mk04,LPT_MMUR,42,7400.01,6,TopSpine_Seg0,SpineAisle,East,15,0,0.00,0.00,0.0000
2026-05-31 01:13:14,brandimarte_mk04,LPT_MMUR,42,7400.01,7,TopSpine_Seg1,SpineAisle,East,15,0,0.00,0.00,0.0000
2026-05-31 01:13:14,brandimarte_mk04,LPT_MMUR,42,7400.01,8,TopSpine_Seg2,SpineAisle,East,15,0,0.00,0.00,0.0000
2026-05-31 01:13:14,brandimarte_mk04,LPT_MMUR,42,7400.01,9,TopSpine_Seg3,SpineAisle,East,15,0,0.00,0.00,0.0000
2026-05-31 01:13:14,brandimarte_mk04,LPT_MMUR,42,7400.01,10,BotSpine_Seg0,SpineAisle,West,105,0,0.00,0.00,0.0000
2026-05-31 01:13:14,brandimarte_mk04,LPT_MMUR,42,7400.01,11,BotSpine_Seg1,SpineAisle,West,105,0,0.00,0.00,0.0000
2026-05-31 01:13:14,brandimarte_mk04,LPT_MMUR,42,7400.01,12,BotSpine_Seg2,SpineAisle,West,105,0,0.00,0.00,0.0000
2026-05-31 01:13:14,brandimarte_mk04,LPT_MMUR,42,7400.01,13,BotSpine_Seg3,SpineAisle,West,105,0,0.00,0.00,0.0000
2026-05-31 01:13:14,brandimarte_mk04,LPT_MMUR,42,7400.01,14,LeftVert_TopConn,VerticalAisle,North,15,0,0.00,0.00,0.0000
2026-05-31 01:13:14,brandimarte_mk04,LPT_MMUR,42,7400.01,15,LeftVert_Row0,VerticalAisle,North,150,1093,284.20,0.26,0.8793
2026-05-31 01:13:14,brandimarte_mk04,LPT_MMUR,42,7400.01,16,LeftVert_Row1,VerticalAisle,North,150,367,95.42,0.26,0.7099
2026-05-31 01:13:14,brandimarte_mk04,LPT_MMUR,42,7400.01,17,LeftVert_BotConn,VerticalAisle,North,105,622,161.70,0.26,0.8556
2026-05-31 01:13:14,brandimarte_mk04,LPT_MMUR,42,7400.01,18,RightVert_TopConn,VerticalAisle,South,15,0,0.00,0.00,0.0000
2026-05-31 01:13:14,brandimarte_mk04,LPT_MMUR,42,7400.01,19,RightVert_Row0,VerticalAisle,South,150,4,1.04,0.26,0.0260
2026-05-31 01:13:14,brandimarte_mk04,LPT_MMUR,42,7400.01,20,RightVert_Row1,VerticalAisle,South,150,2,0.52,0.26,0.0132
2026-05-31 01:13:14,brandimarte_mk04,LPT_MMUR,42,7400.01,21,RightVert_BotConn,VerticalAisle,South,105,0,0.00,0.00,0.0000
2026-05-31 01:16:19,brandimarte_mk04,LPT_MMUR,43,7400.00,0,RowAisle0_Seg0,RowAisle,East,135,463,120.38,0.26,0.7742
2026-05-31 01:16:19,brandimarte_mk04,LPT_MMUR,43,7400.00,1,RowAisle0_Seg1,RowAisle,East,135,211,54.85,0.26,0.6098
2026-05-31 01:16:19,brandimarte_mk04,LPT_MMUR,43,7400.00,2,RowAisle0_Seg2,RowAisle,East,135,10,2.60,0.26,0.0690
2026-05-31 01:16:19,brandimarte_mk04,LPT_MMUR,43,7400.00,3,RowAisle1_Seg0,RowAisle,West,45,0,0.00,0.00,0.0000
2026-05-31 01:16:19,brandimarte_mk04,LPT_MMUR,43,7400.00,4,RowAisle1_Seg1,RowAisle,West,45,0,0.00,0.00,0.0000
2026-05-31 01:16:19,brandimarte_mk04,LPT_MMUR,43,7400.00,5,RowAisle1_Seg2,RowAisle,West,45,0,0.00,0.00,0.0000
2026-05-31 01:16:19,brandimarte_mk04,LPT_MMUR,43,7400.00,6,TopSpine_Seg0,SpineAisle,East,15,0,0.00,0.00,0.0000
2026-05-31 01:16:19,brandimarte_mk04,LPT_MMUR,43,7400.00,7,TopSpine_Seg1,SpineAisle,East,15,0,0.00,0.00,0.0000
2026-05-31 01:16:19,brandimarte_mk04,LPT_MMUR,43,7400.00,8,TopSpine_Seg2,SpineAisle,East,15,0,0.00,0.00,0.0000
2026-05-31 01:16:19,brandimarte_mk04,LPT_MMUR,43,7400.00,9,TopSpine_Seg3,SpineAisle,East,15,0,0.00,0.00,0.0000
2026-05-31 01:16:19,brandimarte_mk04,LPT_MMUR,43,7400.00,10,BotSpine_Seg0,SpineAisle,West,105,0,0.00,0.00,0.0000
2026-05-31 01:16:19,brandimarte_mk04,LPT_MMUR,43,7400.00,11,BotSpine_Seg1,SpineAisle,West,105,0,0.00,0.00,0.0000
2026-05-31 01:16:19,brandimarte_mk04,LPT_MMUR,43,7400.00,12,BotSpine_Seg2,SpineAisle,West,105,0,0.00,0.00,0.0000
2026-05-31 01:16:19,brandimarte_mk04,LPT_MMUR,43,7400.00,13,BotSpine_Seg3,SpineAisle,West,105,0,0.00,0.00,0.0000
2026-05-31 01:16:19,brandimarte_mk04,LPT_MMUR,43,7400.00,14,LeftVert_TopConn,VerticalAisle,North,15,0,0.00,0.00,0.0000
2026-05-31 01:16:19,brandimarte_mk04,LPT_MMUR,43,7400.00,15,LeftVert_Row0,VerticalAisle,North,150,1094,284.47,0.26,0.8794
2026-05-31 01:16:19,brandimarte_mk04,LPT_MMUR,43,7400.00,16,LeftVert_Row1,VerticalAisle,North,150,367,95.43,0.26,0.7099
2026-05-31 01:16:19,brandimarte_mk04,LPT_MMUR,43,7400.00,17,LeftVert_BotConn,VerticalAisle,North,105,622,161.68,0.26,0.8556
2026-05-31 01:16:19,brandimarte_mk04,LPT_MMUR,43,7400.00,18,RightVert_TopConn,VerticalAisle,South,15,0,0.00,0.00,0.0000
2026-05-31 01:16:19,brandimarte_mk04,LPT_MMUR,43,7400.00,19,RightVert_Row0,VerticalAisle,South,150,4,1.05,0.26,0.0260
2026-05-31 01:16:19,brandimarte_mk04,LPT_MMUR,43,7400.00,20,RightVert_Row1,VerticalAisle,South,150,2,0.52,0.26,0.0132
2026-05-31 01:16:19,brandimarte_mk04,LPT_MMUR,43,7400.00,21,RightVert_BotConn,VerticalAisle,South,105,0,0.00,0.00,0.0000
2026-05-31 01:19:24,brandimarte_mk04,LPT_MMUR,44,7400.00,0,RowAisle0_Seg0,RowAisle,East,135,463,120.38,0.26,0.7742
2026-05-31 01:19:24,brandimarte_mk04,LPT_MMUR,44,7400.00,1,RowAisle0_Seg1,RowAisle,East,135,211,54.88,0.26,0.6098
2026-05-31 01:19:24,brandimarte_mk04,LPT_MMUR,44,7400.00,2,RowAisle0_Seg2,RowAisle,East,135,10,2.59,0.26,0.0690
2026-05-31 01:19:24,brandimarte_mk04,LPT_MMUR,44,7400.00,3,RowAisle1_Seg0,RowAisle,West,45,0,0.00,0.00,0.0000
2026-05-31 01:19:24,brandimarte_mk04,LPT_MMUR,44,7400.00,4,RowAisle1_Seg1,RowAisle,West,45,0,0.00,0.00,0.0000
2026-05-31 01:19:24,brandimarte_mk04,LPT_MMUR,44,7400.00,5,RowAisle1_Seg2,RowAisle,West,45,0,0.00,0.00,0.0000
2026-05-31 01:19:24,brandimarte_mk04,LPT_MMUR,44,7400.00,6,TopSpine_Seg0,SpineAisle,East,15,0,0.00,0.00,0.0000
2026-05-31 01:19:24,brandimarte_mk04,LPT_MMUR,44,7400.00,7,TopSpine_Seg1,SpineAisle,East,15,0,0.00,0.00,0.0000
2026-05-31 01:19:24,brandimarte_mk04,LPT_MMUR,44,7400.00,8,TopSpine_Seg2,SpineAisle,East,15,0,0.00,0.00,0.0000
2026-05-31 01:19:24,brandimarte_mk04,LPT_MMUR,44,7400.00,9,TopSpine_Seg3,SpineAisle,East,15,0,0.00,0.00,0.0000
2026-05-31 01:19:24,brandimarte_mk04,LPT_MMUR,44,7400.00,10,BotSpine_Seg0,SpineAisle,West,105,0,0.00,0.00,0.0000
2026-05-31 01:19:24,brandimarte_mk04,LPT_MMUR,44,7400.00,11,BotSpine_Seg1,SpineAisle,West,105,0,0.00,0.00,0.0000
2026-05-31 01:19:24,brandimarte_mk04,LPT_MMUR,44,7400.00,12,BotSpine_Seg2,SpineAisle,West,105,0,0.00,0.00,0.0000
2026-05-31 01:19:24,brandimarte_mk04,LPT_MMUR,44,7400.00,13,BotSpine_Seg3,SpineAisle,West,105,0,0.00,0.00,0.0000
2026-05-31 01:19:24,brandimarte_mk04,LPT_MMUR,44,7400.00,14,LeftVert_TopConn,VerticalAisle,North,15,0,0.00,0.00,0.0000
2026-05-31 01:19:24,brandimarte_mk04,LPT_MMUR,44,7400.00,15,LeftVert_Row0,VerticalAisle,North,150,1094,284.46,0.26,0.8794
2026-05-31 01:19:24,brandimarte_mk04,LPT_MMUR,44,7400.00,16,LeftVert_Row1,VerticalAisle,North,150,367,95.44,0.26,0.7099
2026-05-31 01:19:24,brandimarte_mk04,LPT_MMUR,44,7400.00,17,LeftVert_BotConn,VerticalAisle,North,105,622,161.69,0.26,0.8556
2026-05-31 01:19:24,brandimarte_mk04,LPT_MMUR,44,7400.00,18,RightVert_TopConn,VerticalAisle,South,15,0,0.00,0.00,0.0000
2026-05-31 01:19:24,brandimarte_mk04,LPT_MMUR,44,7400.00,19,RightVert_Row0,VerticalAisle,South,150,4,1.05,0.26,0.0260
2026-05-31 01:19:24,brandimarte_mk04,LPT_MMUR,44,7400.00,20,RightVert_Row1,VerticalAisle,South,150,2,0.52,0.26,0.0132
2026-05-31 01:19:24,brandimarte_mk04,LPT_MMUR,44,7400.00,21,RightVert_BotConn,VerticalAisle,South,105,0,0.00,0.00,0.0000
2026-05-31 01:24:57,brandimarte_mk06,LPT_MMUR,42,13433.33,0,RowAisle0_Seg0,RowAisle,East,209,192,49.93,0.26,0.4788
2026-05-31 01:24:57,brandimarte_mk06,LPT_MMUR,42,13433.33,1,RowAisle0_Seg1,RowAisle,East,209,339,88.15,0.26,0.6186
2026-05-31 01:24:57,brandimarte_mk06,LPT_MMUR,42,13433.33,2,RowAisle0_Seg2,RowAisle,East,209,22,5.72,0.26,0.0952
2026-05-31 01:24:57,brandimarte_mk06,LPT_MMUR,42,13433.33,3,RowAisle0_Seg3,RowAisle,East,209,12,3.13,0.26,0.0543
2026-05-31 01:24:57,brandimarte_mk06,LPT_MMUR,42,13433.33,4,RowAisle1_Seg0,RowAisle,West,59,0,0.00,0.00,0.0000
2026-05-31 01:24:57,brandimarte_mk06,LPT_MMUR,42,13433.33,5,RowAisle1_Seg1,RowAisle,West,59,0,0.00,0.00,0.0000
2026-05-31 01:24:57,brandimarte_mk06,LPT_MMUR,42,13433.33,6,RowAisle1_Seg2,RowAisle,West,59,0,0.00,0.00,0.0000
2026-05-31 01:24:57,brandimarte_mk06,LPT_MMUR,42,13433.33,7,RowAisle1_Seg3,RowAisle,West,59,0,0.00,0.00,0.0000
2026-05-31 01:24:57,brandimarte_mk06,LPT_MMUR,42,13433.33,8,TopSpine_Seg0,SpineAisle,East,10,0,0.00,0.00,0.0000
2026-05-31 01:24:57,brandimarte_mk06,LPT_MMUR,42,13433.33,9,TopSpine_Seg1,SpineAisle,East,10,0,0.00,0.00,0.0000
2026-05-31 01:24:57,brandimarte_mk06,LPT_MMUR,42,13433.33,10,TopSpine_Seg2,SpineAisle,East,10,0,0.00,0.00,0.0000
2026-05-31 01:24:57,brandimarte_mk06,LPT_MMUR,42,13433.33,11,TopSpine_Seg3,SpineAisle,East,10,0,0.00,0.00,0.0000
2026-05-31 01:24:57,brandimarte_mk06,LPT_MMUR,42,13433.33,12,TopSpine_Seg4,SpineAisle,East,10,0,0.00,0.00,0.0000
2026-05-31 01:24:57,brandimarte_mk06,LPT_MMUR,42,13433.33,13,BotSpine_Seg0,SpineAisle,West,160,0,0.00,0.00,0.0000
2026-05-31 01:24:57,brandimarte_mk06,LPT_MMUR,42,13433.33,14,BotSpine_Seg1,SpineAisle,West,160,0,0.00,0.00,0.0000
2026-05-31 01:24:57,brandimarte_mk06,LPT_MMUR,42,13433.33,15,BotSpine_Seg2,SpineAisle,West,160,0,0.00,0.00,0.0000
2026-05-31 01:24:57,brandimarte_mk06,LPT_MMUR,42,13433.33,16,BotSpine_Seg3,SpineAisle,West,160,0,0.00,0.00,0.0000
2026-05-31 01:24:57,brandimarte_mk06,LPT_MMUR,42,13433.33,17,BotSpine_Seg4,SpineAisle,West,160,0,0.00,0.00,0.0000
2026-05-31 01:24:57,brandimarte_mk06,LPT_MMUR,42,13433.33,18,LeftVert_TopConn,VerticalAisle,North,10,0,0.00,0.00,0.0000
2026-05-31 01:24:57,brandimarte_mk06,LPT_MMUR,42,13433.33,19,LeftVert_Row0,VerticalAisle,North,219,833,216.57,0.26,0.7918
2026-05-31 01:24:57,brandimarte_mk06,LPT_MMUR,42,13433.33,20,LeftVert_Row1,VerticalAisle,North,219,104,27.04,0.26,0.3220
2026-05-31 01:24:57,brandimarte_mk06,LPT_MMUR,42,13433.33,21,LeftVert_BotConn,VerticalAisle,North,160,395,102.70,0.26,0.7117
2026-05-31 01:24:57,brandimarte_mk06,LPT_MMUR,42,13433.33,22,RightVert_TopConn,VerticalAisle,South,10,0,0.00,0.00,0.0000
2026-05-31 01:24:57,brandimarte_mk06,LPT_MMUR,42,13433.33,23,RightVert_Row0,VerticalAisle,South,219,1,0.26,0.26,0.0045
2026-05-31 01:24:57,brandimarte_mk06,LPT_MMUR,42,13433.33,24,RightVert_Row1,VerticalAisle,South,219,0,0.00,0.00,0.0000
2026-05-31 01:24:57,brandimarte_mk06,LPT_MMUR,42,13433.33,25,RightVert_BotConn,VerticalAisle,South,160,0,0.00,0.00,0.0000
2026-05-31 01:30:27,brandimarte_mk06,LPT_MMUR,43,13433.34,0,RowAisle0_Seg0,RowAisle,East,209,192,49.92,0.26,0.4788
2026-05-31 01:30:27,brandimarte_mk06,LPT_MMUR,43,13433.34,1,RowAisle0_Seg1,RowAisle,East,209,338,87.89,0.26,0.6179
2026-05-31 01:30:27,brandimarte_mk06,LPT_MMUR,43,13433.34,2,RowAisle0_Seg2,RowAisle,East,209,22,5.72,0.26,0.0952
2026-05-31 01:30:27,brandimarte_mk06,LPT_MMUR,43,13433.34,3,RowAisle0_Seg3,RowAisle,East,209,13,3.38,0.26,0.0586
2026-05-31 01:30:27,brandimarte_mk06,LPT_MMUR,43,13433.34,4,RowAisle1_Seg0,RowAisle,West,59,0,0.00,0.00,0.0000
2026-05-31 01:30:27,brandimarte_mk06,LPT_MMUR,43,13433.34,5,RowAisle1_Seg1,RowAisle,West,59,0,0.00,0.00,0.0000
2026-05-31 01:30:27,brandimarte_mk06,LPT_MMUR,43,13433.34,6,RowAisle1_Seg2,RowAisle,West,59,0,0.00,0.00,0.0000
2026-05-31 01:30:27,brandimarte_mk06,LPT_MMUR,43,13433.34,7,RowAisle1_Seg3,RowAisle,West,59,0,0.00,0.00,0.0000
2026-05-31 01:30:27,brandimarte_mk06,LPT_MMUR,43,13433.34,8,TopSpine_Seg0,SpineAisle,East,10,0,0.00,0.00,0.0000
2026-05-31 01:30:27,brandimarte_mk06,LPT_MMUR,43,13433.34,9,TopSpine_Seg1,SpineAisle,East,10,0,0.00,0.00,0.0000
2026-05-31 01:30:27,brandimarte_mk06,LPT_MMUR,43,13433.34,10,TopSpine_Seg2,SpineAisle,East,10,0,0.00,0.00,0.0000
2026-05-31 01:30:27,brandimarte_mk06,LPT_MMUR,43,13433.34,11,TopSpine_Seg3,SpineAisle,East,10,0,0.00,0.00,0.0000
2026-05-31 01:30:27,brandimarte_mk06,LPT_MMUR,43,13433.34,12,TopSpine_Seg4,SpineAisle,East,10,0,0.00,0.00,0.0000
2026-05-31 01:30:27,brandimarte_mk06,LPT_MMUR,43,13433.34,13,BotSpine_Seg0,SpineAisle,West,160,0,0.00,0.00,0.0000
2026-05-31 01:30:27,brandimarte_mk06,LPT_MMUR,43,13433.34,14,BotSpine_Seg1,SpineAisle,West,160,0,0.00,0.00,0.0000
2026-05-31 01:30:27,brandimarte_mk06,LPT_MMUR,43,13433.34,15,BotSpine_Seg2,SpineAisle,West,160,0,0.00,0.00,0.0000
2026-05-31 01:30:27,brandimarte_mk06,LPT_MMUR,43,13433.34,16,BotSpine_Seg3,SpineAisle,West,160,0,0.00,0.00,0.0000
2026-05-31 01:30:27,brandimarte_mk06,LPT_MMUR,43,13433.34,17,BotSpine_Seg4,SpineAisle,West,160,0,0.00,0.00,0.0000
2026-05-31 01:30:27,brandimarte_mk06,LPT_MMUR,43,13433.34,18,LeftVert_TopConn,VerticalAisle,North,10,0,0.00,0.00,0.0000
2026-05-31 01:30:27,brandimarte_mk06,LPT_MMUR,43,13433.34,19,LeftVert_Row0,VerticalAisle,North,219,833,216.56,0.26,0.7918
2026-05-31 01:30:27,brandimarte_mk06,LPT_MMUR,43,13433.34,20,LeftVert_Row1,VerticalAisle,North,219,104,27.04,0.26,0.3220
2026-05-31 01:30:27,brandimarte_mk06,LPT_MMUR,43,13433.34,21,LeftVert_BotConn,VerticalAisle,North,160,395,102.70,0.26,0.7117
2026-05-31 01:30:27,brandimarte_mk06,LPT_MMUR,43,13433.34,22,RightVert_TopConn,VerticalAisle,South,10,0,0.00,0.00,0.0000
2026-05-31 01:30:27,brandimarte_mk06,LPT_MMUR,43,13433.34,23,RightVert_Row0,VerticalAisle,South,219,1,0.26,0.26,0.0045
2026-05-31 01:30:27,brandimarte_mk06,LPT_MMUR,43,13433.34,24,RightVert_Row1,VerticalAisle,South,219,0,0.00,0.00,0.0000
2026-05-31 01:30:27,brandimarte_mk06,LPT_MMUR,43,13433.34,25,RightVert_BotConn,VerticalAisle,South,160,0,0.00,0.00,0.0000
2026-05-31 01:35:59,brandimarte_mk06,LPT_MMUR,44,13433.33,0,RowAisle0_Seg0,RowAisle,East,209,192,49.91,0.26,0.4788
2026-05-31 01:35:59,brandimarte_mk06,LPT_MMUR,44,13433.33,1,RowAisle0_Seg1,RowAisle,East,209,339,88.15,0.26,0.6186
2026-05-31 01:35:59,brandimarte_mk06,LPT_MMUR,44,13433.33,2,RowAisle0_Seg2,RowAisle,East,209,22,5.73,0.26,0.0952
2026-05-31 01:35:59,brandimarte_mk06,LPT_MMUR,44,13433.33,3,RowAisle0_Seg3,RowAisle,East,209,12,3.12,0.26,0.0543
2026-05-31 01:35:59,brandimarte_mk06,LPT_MMUR,44,13433.33,4,RowAisle1_Seg0,RowAisle,West,59,0,0.00,0.00,0.0000
2026-05-31 01:35:59,brandimarte_mk06,LPT_MMUR,44,13433.33,5,RowAisle1_Seg1,RowAisle,West,59,0,0.00,0.00,0.0000
2026-05-31 01:35:59,brandimarte_mk06,LPT_MMUR,44,13433.33,6,RowAisle1_Seg2,RowAisle,West,59,0,0.00,0.00,0.0000
2026-05-31 01:35:59,brandimarte_mk06,LPT_MMUR,44,13433.33,7,RowAisle1_Seg3,RowAisle,West,59,0,0.00,0.00,0.0000
2026-05-31 01:35:59,brandimarte_mk06,LPT_MMUR,44,13433.33,8,TopSpine_Seg0,SpineAisle,East,10,0,0.00,0.00,0.0000
2026-05-31 01:35:59,brandimarte_mk06,LPT_MMUR,44,13433.33,9,TopSpine_Seg1,SpineAisle,East,10,0,0.00,0.00,0.0000
2026-05-31 01:35:59,brandimarte_mk06,LPT_MMUR,44,13433.33,10,TopSpine_Seg2,SpineAisle,East,10,0,0.00,0.00,0.0000
2026-05-31 01:35:59,brandimarte_mk06,LPT_MMUR,44,13433.33,11,TopSpine_Seg3,SpineAisle,East,10,0,0.00,0.00,0.0000
2026-05-31 01:35:59,brandimarte_mk06,LPT_MMUR,44,13433.33,12,TopSpine_Seg4,SpineAisle,East,10,0,0.00,0.00,0.0000
2026-05-31 01:35:59,brandimarte_mk06,LPT_MMUR,44,13433.33,13,BotSpine_Seg0,SpineAisle,West,160,0,0.00,0.00,0.0000
2026-05-31 01:35:59,brandimarte_mk06,LPT_MMUR,44,13433.33,14,BotSpine_Seg1,SpineAisle,West,160,0,0.00,0.00,0.0000
2026-05-31 01:35:59,brandimarte_mk06,LPT_MMUR,44,13433.33,15,BotSpine_Seg2,SpineAisle,West,160,0,0.00,0.00,0.0000
2026-05-31 01:35:59,brandimarte_mk06,LPT_MMUR,44,13433.33,16,BotSpine_Seg3,SpineAisle,West,160,0,0.00,0.00,0.0000
2026-05-31 01:35:59,brandimarte_mk06,LPT_MMUR,44,13433.33,17,BotSpine_Seg4,SpineAisle,West,160,0,0.00,0.00,0.0000
2026-05-31 01:35:59,brandimarte_mk06,LPT_MMUR,44,13433.33,18,LeftVert_TopConn,VerticalAisle,North,10,0,0.00,0.00,0.0000
2026-05-31 01:35:59,brandimarte_mk06,LPT_MMUR,44,13433.33,19,LeftVert_Row0,VerticalAisle,North,219,833,216.59,0.26,0.7918
2026-05-31 01:35:59,brandimarte_mk06,LPT_MMUR,44,13433.33,20,LeftVert_Row1,VerticalAisle,North,219,104,27.04,0.26,0.3220
2026-05-31 01:35:59,brandimarte_mk06,LPT_MMUR,44,13433.33,21,LeftVert_BotConn,VerticalAisle,North,160,395,102.71,0.26,0.7117
2026-05-31 01:35:59,brandimarte_mk06,LPT_MMUR,44,13433.33,22,RightVert_TopConn,VerticalAisle,South,10,0,0.00,0.00,0.0000
2026-05-31 01:35:59,brandimarte_mk06,LPT_MMUR,44,13433.33,23,RightVert_Row0,VerticalAisle,South,219,1,0.26,0.26,0.0045
2026-05-31 01:35:59,brandimarte_mk06,LPT_MMUR,44,13433.33,24,RightVert_Row1,VerticalAisle,South,219,0,0.00,0.00,0.0000
2026-05-31 01:35:59,brandimarte_mk06,LPT_MMUR,44,13433.33,25,RightVert_BotConn,VerticalAisle,South,160,0,0.00,0.00,0.0000
2026-05-31 01:43:08,brandimarte_mk07,LPT_MMUR,42,17300.00,0,RowAisle0_Seg0,RowAisle,East,133,113,28.27,0.25,0.4593
2026-05-31 01:43:08,brandimarte_mk07,LPT_MMUR,42,17300.00,1,RowAisle0_Seg1,RowAisle,East,133,7,1.75,0.25,0.0500
2026-05-31 01:43:08,brandimarte_mk07,LPT_MMUR,42,17300.00,2,RowAisle0_Seg2,RowAisle,East,133,3,0.75,0.25,0.0221
2026-05-31 01:43:08,brandimarte_mk07,LPT_MMUR,42,17300.00,3,TopSpine_Seg0,SpineAisle,East,20,0,0.00,0.00,0.0000
2026-05-31 01:43:08,brandimarte_mk07,LPT_MMUR,42,17300.00,4,TopSpine_Seg1,SpineAisle,East,20,0,0.00,0.00,0.0000
2026-05-31 01:43:08,brandimarte_mk07,LPT_MMUR,42,17300.00,5,TopSpine_Seg2,SpineAisle,East,20,0,0.00,0.00,0.0000
2026-05-31 01:43:08,brandimarte_mk07,LPT_MMUR,42,17300.00,6,TopSpine_Seg3,SpineAisle,East,20,0,0.00,0.00,0.0000
2026-05-31 01:43:08,brandimarte_mk07,LPT_MMUR,42,17300.00,7,BotSpine_Seg0,SpineAisle,West,153,0,0.00,0.00,0.0000
2026-05-31 01:43:08,brandimarte_mk07,LPT_MMUR,42,17300.00,8,BotSpine_Seg1,SpineAisle,West,153,0,0.00,0.00,0.0000
2026-05-31 01:43:08,brandimarte_mk07,LPT_MMUR,42,17300.00,9,BotSpine_Seg2,SpineAisle,West,153,0,0.00,0.00,0.0000
2026-05-31 01:43:08,brandimarte_mk07,LPT_MMUR,42,17300.00,10,BotSpine_Seg3,SpineAisle,West,153,0,0.00,0.00,0.0000
2026-05-31 01:43:08,brandimarte_mk07,LPT_MMUR,42,17300.00,11,LeftVert_TopConn,VerticalAisle,North,20,0,0.00,0.00,0.0000
2026-05-31 01:43:08,brandimarte_mk07,LPT_MMUR,42,17300.00,12,LeftVert_Row0,VerticalAisle,North,153,384,96.06,0.25,0.7151
2026-05-31 01:43:08,brandimarte_mk07,LPT_MMUR,42,17300.00,13,LeftVert_BotConn,VerticalAisle,North,153,201,50.28,0.25,0.5678
2026-05-31 01:43:08,brandimarte_mk07,LPT_MMUR,42,17300.00,14,RightVert_TopConn,VerticalAisle,South,20,0,0.00,0.00,0.0000
2026-05-31 01:43:08,brandimarte_mk07,LPT_MMUR,42,17300.00,15,RightVert_Row0,VerticalAisle,South,153,0,0.00,0.00,0.0000
2026-05-31 01:43:08,brandimarte_mk07,LPT_MMUR,42,17300.00,16,RightVert_BotConn,VerticalAisle,South,153,0,0.00,0.00,0.0000
2026-05-31 01:50:19,brandimarte_mk07,LPT_MMUR,43,17300.02,0,RowAisle0_Seg0,RowAisle,East,133,114,28.53,0.25,0.4615
2026-05-31 01:50:19,brandimarte_mk07,LPT_MMUR,43,17300.02,1,RowAisle0_Seg1,RowAisle,East,133,7,1.75,0.25,0.0500
2026-05-31 01:50:19,brandimarte_mk07,LPT_MMUR,43,17300.02,2,RowAisle0_Seg2,RowAisle,East,133,3,0.75,0.25,0.0221
2026-05-31 01:50:19,brandimarte_mk07,LPT_MMUR,43,17300.02,3,TopSpine_Seg0,SpineAisle,East,20,0,0.00,0.00,0.0000
2026-05-31 01:50:19,brandimarte_mk07,LPT_MMUR,43,17300.02,4,TopSpine_Seg1,SpineAisle,East,20,0,0.00,0.00,0.0000
2026-05-31 01:50:19,brandimarte_mk07,LPT_MMUR,43,17300.02,5,TopSpine_Seg2,SpineAisle,East,20,0,0.00,0.00,0.0000
2026-05-31 01:50:19,brandimarte_mk07,LPT_MMUR,43,17300.02,6,TopSpine_Seg3,SpineAisle,East,20,0,0.00,0.00,0.0000
2026-05-31 01:50:19,brandimarte_mk07,LPT_MMUR,43,17300.02,7,BotSpine_Seg0,SpineAisle,West,153,0,0.00,0.00,0.0000
2026-05-31 01:50:19,brandimarte_mk07,LPT_MMUR,43,17300.02,8,BotSpine_Seg1,SpineAisle,West,153,0,0.00,0.00,0.0000
2026-05-31 01:50:19,brandimarte_mk07,LPT_MMUR,43,17300.02,9,BotSpine_Seg2,SpineAisle,West,153,0,0.00,0.00,0.0000
2026-05-31 01:50:19,brandimarte_mk07,LPT_MMUR,43,17300.02,10,BotSpine_Seg3,SpineAisle,West,153,0,0.00,0.00,0.0000
2026-05-31 01:50:19,brandimarte_mk07,LPT_MMUR,43,17300.02,11,LeftVert_TopConn,VerticalAisle,North,20,0,0.00,0.00,0.0000
2026-05-31 01:50:19,brandimarte_mk07,LPT_MMUR,43,17300.02,12,LeftVert_Row0,VerticalAisle,North,153,383,95.81,0.25,0.7146
2026-05-31 01:50:19,brandimarte_mk07,LPT_MMUR,43,17300.02,13,LeftVert_BotConn,VerticalAisle,North,153,200,50.02,0.25,0.5666
2026-05-31 01:50:19,brandimarte_mk07,LPT_MMUR,43,17300.02,14,RightVert_TopConn,VerticalAisle,South,20,0,0.00,0.00,0.0000
2026-05-31 01:50:19,brandimarte_mk07,LPT_MMUR,43,17300.02,15,RightVert_Row0,VerticalAisle,South,153,0,0.00,0.00,0.0000
2026-05-31 01:50:19,brandimarte_mk07,LPT_MMUR,43,17300.02,16,RightVert_BotConn,VerticalAisle,South,153,0,0.00,0.00,0.0000
2026-05-31 01:57:28,brandimarte_mk07,LPT_MMUR,44,17300.00,0,RowAisle0_Seg0,RowAisle,East,133,113,28.28,0.25,0.4593
2026-05-31 01:57:28,brandimarte_mk07,LPT_MMUR,44,17300.00,1,RowAisle0_Seg1,RowAisle,East,133,7,1.75,0.25,0.0500
2026-05-31 01:57:28,brandimarte_mk07,LPT_MMUR,44,17300.00,2,RowAisle0_Seg2,RowAisle,East,133,3,0.75,0.25,0.0221
2026-05-31 01:57:28,brandimarte_mk07,LPT_MMUR,44,17300.00,3,TopSpine_Seg0,SpineAisle,East,20,0,0.00,0.00,0.0000
2026-05-31 01:57:28,brandimarte_mk07,LPT_MMUR,44,17300.00,4,TopSpine_Seg1,SpineAisle,East,20,0,0.00,0.00,0.0000
2026-05-31 01:57:28,brandimarte_mk07,LPT_MMUR,44,17300.00,5,TopSpine_Seg2,SpineAisle,East,20,0,0.00,0.00,0.0000
2026-05-31 01:57:28,brandimarte_mk07,LPT_MMUR,44,17300.00,6,TopSpine_Seg3,SpineAisle,East,20,0,0.00,0.00,0.0000
2026-05-31 01:57:28,brandimarte_mk07,LPT_MMUR,44,17300.00,7,BotSpine_Seg0,SpineAisle,West,153,0,0.00,0.00,0.0000
2026-05-31 01:57:28,brandimarte_mk07,LPT_MMUR,44,17300.00,8,BotSpine_Seg1,SpineAisle,West,153,0,0.00,0.00,0.0000
2026-05-31 01:57:28,brandimarte_mk07,LPT_MMUR,44,17300.00,9,BotSpine_Seg2,SpineAisle,West,153,0,0.00,0.00,0.0000
2026-05-31 01:57:28,brandimarte_mk07,LPT_MMUR,44,17300.00,10,BotSpine_Seg3,SpineAisle,West,153,0,0.00,0.00,0.0000
2026-05-31 01:57:28,brandimarte_mk07,LPT_MMUR,44,17300.00,11,LeftVert_TopConn,VerticalAisle,North,20,0,0.00,0.00,0.0000
2026-05-31 01:57:28,brandimarte_mk07,LPT_MMUR,44,17300.00,12,LeftVert_Row0,VerticalAisle,North,153,383,95.81,0.25,0.7146
2026-05-31 01:57:28,brandimarte_mk07,LPT_MMUR,44,17300.00,13,LeftVert_BotConn,VerticalAisle,North,153,200,50.03,0.25,0.5666
2026-05-31 01:57:28,brandimarte_mk07,LPT_MMUR,44,17300.00,14,RightVert_TopConn,VerticalAisle,South,20,0,0.00,0.00,0.0000
2026-05-31 01:57:28,brandimarte_mk07,LPT_MMUR,44,17300.00,15,RightVert_Row0,VerticalAisle,South,153,0,0.00,0.00,0.0000
2026-05-31 01:57:28,brandimarte_mk07,LPT_MMUR,44,17300.00,16,RightVert_BotConn,VerticalAisle,South,153,0,0.00,0.00,0.0000
2026-05-31 02:09:44,brandimarte_mk10,LPT_MMUR,42,29500.00,0,RowAisle0_Seg0,RowAisle,East,354,170,42.59,0.25,0.3244
2026-05-31 02:09:44,brandimarte_mk10,LPT_MMUR,42,29500.00,1,RowAisle0_Seg1,RowAisle,East,354,271,67.83,0.25,0.4336
2026-05-31 02:09:44,brandimarte_mk10,LPT_MMUR,42,29500.00,2,RowAisle0_Seg2,RowAisle,East,354,66,16.53,0.25,0.1571
2026-05-31 02:09:44,brandimarte_mk10,LPT_MMUR,42,29500.00,3,RowAisle0_Seg3,RowAisle,East,354,16,4.02,0.25,0.0432
2026-05-31 02:09:44,brandimarte_mk10,LPT_MMUR,42,29500.00,4,RowAisle1_Seg0,RowAisle,West,114,0,0.00,0.00,0.0000
2026-05-31 02:09:44,brandimarte_mk10,LPT_MMUR,42,29500.00,5,RowAisle1_Seg1,RowAisle,West,114,0,0.00,0.00,0.0000
2026-05-31 02:09:44,brandimarte_mk10,LPT_MMUR,42,29500.00,6,RowAisle1_Seg2,RowAisle,West,114,0,0.00,0.00,0.0000
2026-05-31 02:09:44,brandimarte_mk10,LPT_MMUR,42,29500.00,7,RowAisle1_Seg3,RowAisle,West,114,0,0.00,0.00,0.0000
2026-05-31 02:09:44,brandimarte_mk10,LPT_MMUR,42,29500.00,8,RowAisle2_Seg0,RowAisle,East,0,0,0.00,0.00,0.0000
2026-05-31 02:09:44,brandimarte_mk10,LPT_MMUR,42,29500.00,9,RowAisle2_Seg1,RowAisle,East,0,0,0.00,0.00,0.0000
2026-05-31 02:09:44,brandimarte_mk10,LPT_MMUR,42,29500.00,10,RowAisle2_Seg2,RowAisle,East,0,0,0.00,0.00,0.0000
2026-05-31 02:09:44,brandimarte_mk10,LPT_MMUR,42,29500.00,11,RowAisle2_Seg3,RowAisle,East,0,0,0.00,0.00,0.0000
2026-05-31 02:09:44,brandimarte_mk10,LPT_MMUR,42,29500.00,12,TopSpine_Seg0,SpineAisle,East,20,0,0.00,0.00,0.0000
2026-05-31 02:09:44,brandimarte_mk10,LPT_MMUR,42,29500.00,13,TopSpine_Seg1,SpineAisle,East,20,0,0.00,0.00,0.0000
2026-05-31 02:09:44,brandimarte_mk10,LPT_MMUR,42,29500.00,14,TopSpine_Seg2,SpineAisle,East,20,0,0.00,0.00,0.0000
2026-05-31 02:09:44,brandimarte_mk10,LPT_MMUR,42,29500.00,15,TopSpine_Seg3,SpineAisle,East,20,0,0.00,0.00,0.0000
2026-05-31 02:09:44,brandimarte_mk10,LPT_MMUR,42,29500.00,16,TopSpine_Seg4,SpineAisle,East,20,0,0.00,0.00,0.0000
2026-05-31 02:09:44,brandimarte_mk10,LPT_MMUR,42,29500.00,17,BotSpine_Seg0,SpineAisle,West,259,0,0.00,0.00,0.0000
2026-05-31 02:09:44,brandimarte_mk10,LPT_MMUR,42,29500.00,18,BotSpine_Seg1,SpineAisle,West,259,0,0.00,0.00,0.0000
2026-05-31 02:09:44,brandimarte_mk10,LPT_MMUR,42,29500.00,19,BotSpine_Seg2,SpineAisle,West,260,0,0.00,0.00,0.0000
2026-05-31 02:09:44,brandimarte_mk10,LPT_MMUR,42,29500.00,20,BotSpine_Seg3,SpineAisle,West,260,0,0.00,0.00,0.0000
2026-05-31 02:09:44,brandimarte_mk10,LPT_MMUR,42,29500.00,21,BotSpine_Seg4,SpineAisle,West,260,0,0.00,0.00,0.0000
2026-05-31 02:09:44,brandimarte_mk10,LPT_MMUR,42,29500.00,22,LeftVert_TopConn,VerticalAisle,North,20,0,0.00,0.00,0.0000
2026-05-31 02:09:44,brandimarte_mk10,LPT_MMUR,42,29500.00,23,LeftVert_Row0,VerticalAisle,North,374,1163,290.88,0.25,0.7567
2026-05-31 02:09:44,brandimarte_mk10,LPT_MMUR,42,29500.00,24,LeftVert_Row1,VerticalAisle,North,374,80,20.09,0.25,0.1762
2026-05-31 02:09:44,brandimarte_mk10,LPT_MMUR,42,29500.00,25,LeftVert_Row2,VerticalAisle,North,260,272,68.02,0.25,0.5113
2026-05-31 02:09:44,brandimarte_mk10,LPT_MMUR,42,29500.00,26,LeftVert_BotConn,VerticalAisle,North,260,604,151.08,0.25,0.6991
2026-05-31 02:09:44,brandimarte_mk10,LPT_MMUR,42,29500.00,27,RightVert_TopConn,VerticalAisle,South,20,0,0.00,0.00,0.0000
2026-05-31 02:09:44,brandimarte_mk10,LPT_MMUR,42,29500.00,28,RightVert_Row0,VerticalAisle,South,374,9,2.28,0.25,0.0235
2026-05-31 02:09:44,brandimarte_mk10,LPT_MMUR,42,29500.00,29,RightVert_Row1,VerticalAisle,South,374,24,6.05,0.25,0.0603
2026-05-31 02:09:44,brandimarte_mk10,LPT_MMUR,42,29500.00,30,RightVert_Row2,VerticalAisle,South,260,0,0.00,0.00,0.0000
2026-05-31 02:09:44,brandimarte_mk10,LPT_MMUR,42,29500.00,31,RightVert_BotConn,VerticalAisle,South,260,0,0.00,0.00,0.0000
2026-05-31 02:21:57,brandimarte_mk10,LPT_MMUR,43,29500.00,0,RowAisle0_Seg0,RowAisle,East,354,171,42.83,0.25,0.3257
2026-05-31 02:21:57,brandimarte_mk10,LPT_MMUR,43,29500.00,1,RowAisle0_Seg1,RowAisle,East,354,272,68.06,0.25,0.4345
2026-05-31 02:21:57,brandimarte_mk10,LPT_MMUR,43,29500.00,2,RowAisle0_Seg2,RowAisle,East,354,66,16.52,0.25,0.1571
2026-05-31 02:21:57,brandimarte_mk10,LPT_MMUR,43,29500.00,3,RowAisle0_Seg3,RowAisle,East,354,16,4.02,0.25,0.0432
2026-05-31 02:21:57,brandimarte_mk10,LPT_MMUR,43,29500.00,4,RowAisle1_Seg0,RowAisle,West,114,0,0.00,0.00,0.0000
2026-05-31 02:21:57,brandimarte_mk10,LPT_MMUR,43,29500.00,5,RowAisle1_Seg1,RowAisle,West,114,0,0.00,0.00,0.0000
2026-05-31 02:21:57,brandimarte_mk10,LPT_MMUR,43,29500.00,6,RowAisle1_Seg2,RowAisle,West,114,0,0.00,0.00,0.0000
2026-05-31 02:21:57,brandimarte_mk10,LPT_MMUR,43,29500.00,7,RowAisle1_Seg3,RowAisle,West,114,0,0.00,0.00,0.0000
2026-05-31 02:21:57,brandimarte_mk10,LPT_MMUR,43,29500.00,8,RowAisle2_Seg0,RowAisle,East,0,0,0.00,0.00,0.0000
2026-05-31 02:21:57,brandimarte_mk10,LPT_MMUR,43,29500.00,9,RowAisle2_Seg1,RowAisle,East,0,0,0.00,0.00,0.0000
2026-05-31 02:21:57,brandimarte_mk10,LPT_MMUR,43,29500.00,10,RowAisle2_Seg2,RowAisle,East,0,0,0.00,0.00,0.0000
2026-05-31 02:21:57,brandimarte_mk10,LPT_MMUR,43,29500.00,11,RowAisle2_Seg3,RowAisle,East,0,0,0.00,0.00,0.0000
2026-05-31 02:21:57,brandimarte_mk10,LPT_MMUR,43,29500.00,12,TopSpine_Seg0,SpineAisle,East,20,0,0.00,0.00,0.0000
2026-05-31 02:21:57,brandimarte_mk10,LPT_MMUR,43,29500.00,13,TopSpine_Seg1,SpineAisle,East,20,0,0.00,0.00,0.0000
2026-05-31 02:21:57,brandimarte_mk10,LPT_MMUR,43,29500.00,14,TopSpine_Seg2,SpineAisle,East,20,0,0.00,0.00,0.0000
2026-05-31 02:21:57,brandimarte_mk10,LPT_MMUR,43,29500.00,15,TopSpine_Seg3,SpineAisle,East,20,0,0.00,0.00,0.0000
2026-05-31 02:21:57,brandimarte_mk10,LPT_MMUR,43,29500.00,16,TopSpine_Seg4,SpineAisle,East,20,0,0.00,0.00,0.0000
2026-05-31 02:21:57,brandimarte_mk10,LPT_MMUR,43,29500.00,17,BotSpine_Seg0,SpineAisle,West,259,0,0.00,0.00,0.0000
2026-05-31 02:21:57,brandimarte_mk10,LPT_MMUR,43,29500.00,18,BotSpine_Seg1,SpineAisle,West,259,0,0.00,0.00,0.0000
2026-05-31 02:21:57,brandimarte_mk10,LPT_MMUR,43,29500.00,19,BotSpine_Seg2,SpineAisle,West,260,0,0.00,0.00,0.0000
2026-05-31 02:21:57,brandimarte_mk10,LPT_MMUR,43,29500.00,20,BotSpine_Seg3,SpineAisle,West,260,0,0.00,0.00,0.0000
2026-05-31 02:21:57,brandimarte_mk10,LPT_MMUR,43,29500.00,21,BotSpine_Seg4,SpineAisle,West,260,0,0.00,0.00,0.0000
2026-05-31 02:21:57,brandimarte_mk10,LPT_MMUR,43,29500.00,22,LeftVert_TopConn,VerticalAisle,North,20,0,0.00,0.00,0.0000
2026-05-31 02:21:57,brandimarte_mk10,LPT_MMUR,43,29500.00,23,LeftVert_Row0,VerticalAisle,North,374,1161,290.38,0.25,0.7564
2026-05-31 02:21:57,brandimarte_mk10,LPT_MMUR,43,29500.00,24,LeftVert_Row1,VerticalAisle,North,374,81,20.31,0.25,0.1780
2026-05-31 02:21:57,brandimarte_mk10,LPT_MMUR,43,29500.00,25,LeftVert_Row2,VerticalAisle,North,260,271,67.78,0.25,0.5104
2026-05-31 02:21:57,brandimarte_mk10,LPT_MMUR,43,29500.00,26,LeftVert_BotConn,VerticalAisle,North,260,604,151.09,0.25,0.6991
2026-05-31 02:21:57,brandimarte_mk10,LPT_MMUR,43,29500.00,27,RightVert_TopConn,VerticalAisle,South,20,0,0.00,0.00,0.0000
2026-05-31 02:21:57,brandimarte_mk10,LPT_MMUR,43,29500.00,28,RightVert_Row0,VerticalAisle,South,374,9,2.33,0.26,0.0235
2026-05-31 02:21:57,brandimarte_mk10,LPT_MMUR,43,29500.00,29,RightVert_Row1,VerticalAisle,South,374,24,6.03,0.25,0.0603
2026-05-31 02:21:57,brandimarte_mk10,LPT_MMUR,43,29500.00,30,RightVert_Row2,VerticalAisle,South,260,0,0.00,0.00,0.0000
2026-05-31 02:21:57,brandimarte_mk10,LPT_MMUR,43,29500.00,31,RightVert_BotConn,VerticalAisle,South,260,0,0.00,0.00,0.0000
2026-05-31 02:34:14,brandimarte_mk10,LPT_MMUR,44,29500.02,0,RowAisle0_Seg0,RowAisle,East,354,170,42.52,0.25,0.3244
2026-05-31 02:34:14,brandimarte_mk10,LPT_MMUR,44,29500.02,1,RowAisle0_Seg1,RowAisle,East,354,272,68.08,0.25,0.4345
2026-05-31 02:34:14,brandimarte_mk10,LPT_MMUR,44,29500.02,2,RowAisle0_Seg2,RowAisle,East,354,66,16.50,0.25,0.1571
2026-05-31 02:34:14,brandimarte_mk10,LPT_MMUR,44,29500.02,3,RowAisle0_Seg3,RowAisle,East,354,16,4.00,0.25,0.0432
2026-05-31 02:34:14,brandimarte_mk10,LPT_MMUR,44,29500.02,4,RowAisle1_Seg0,RowAisle,West,114,0,0.00,0.00,0.0000
2026-05-31 02:34:14,brandimarte_mk10,LPT_MMUR,44,29500.02,5,RowAisle1_Seg1,RowAisle,West,114,0,0.00,0.00,0.0000
2026-05-31 02:34:14,brandimarte_mk10,LPT_MMUR,44,29500.02,6,RowAisle1_Seg2,RowAisle,West,114,0,0.00,0.00,0.0000
2026-05-31 02:34:14,brandimarte_mk10,LPT_MMUR,44,29500.02,7,RowAisle1_Seg3,RowAisle,West,114,0,0.00,0.00,0.0000
2026-05-31 02:34:14,brandimarte_mk10,LPT_MMUR,44,29500.02,8,RowAisle2_Seg0,RowAisle,East,0,0,0.00,0.00,0.0000
2026-05-31 02:34:14,brandimarte_mk10,LPT_MMUR,44,29500.02,9,RowAisle2_Seg1,RowAisle,East,0,0,0.00,0.00,0.0000
2026-05-31 02:34:14,brandimarte_mk10,LPT_MMUR,44,29500.02,10,RowAisle2_Seg2,RowAisle,East,0,0,0.00,0.00,0.0000
2026-05-31 02:34:14,brandimarte_mk10,LPT_MMUR,44,29500.02,11,RowAisle2_Seg3,RowAisle,East,0,0,0.00,0.00,0.0000
2026-05-31 02:34:14,brandimarte_mk10,LPT_MMUR,44,29500.02,12,TopSpine_Seg0,SpineAisle,East,20,0,0.00,0.00,0.0000
2026-05-31 02:34:14,brandimarte_mk10,LPT_MMUR,44,29500.02,13,TopSpine_Seg1,SpineAisle,East,20,0,0.00,0.00,0.0000
2026-05-31 02:34:14,brandimarte_mk10,LPT_MMUR,44,29500.02,14,TopSpine_Seg2,SpineAisle,East,20,0,0.00,0.00,0.0000
2026-05-31 02:34:14,brandimarte_mk10,LPT_MMUR,44,29500.02,15,TopSpine_Seg3,SpineAisle,East,20,0,0.00,0.00,0.0000
2026-05-31 02:34:14,brandimarte_mk10,LPT_MMUR,44,29500.02,16,TopSpine_Seg4,SpineAisle,East,20,0,0.00,0.00,0.0000
2026-05-31 02:34:14,brandimarte_mk10,LPT_MMUR,44,29500.02,17,BotSpine_Seg0,SpineAisle,West,259,0,0.00,0.00,0.0000
2026-05-31 02:34:14,brandimarte_mk10,LPT_MMUR,44,29500.02,18,BotSpine_Seg1,SpineAisle,West,259,0,0.00,0.00,0.0000
2026-05-31 02:34:14,brandimarte_mk10,LPT_MMUR,44,29500.02,19,BotSpine_Seg2,SpineAisle,West,260,0,0.00,0.00,0.0000
2026-05-31 02:34:14,brandimarte_mk10,LPT_MMUR,44,29500.02,20,BotSpine_Seg3,SpineAisle,West,260,0,0.00,0.00,0.0000
2026-05-31 02:34:14,brandimarte_mk10,LPT_MMUR,44,29500.02,21,BotSpine_Seg4,SpineAisle,West,260,0,0.00,0.00,0.0000
2026-05-31 02:34:14,brandimarte_mk10,LPT_MMUR,44,29500.02,22,LeftVert_TopConn,VerticalAisle,North,20,0,0.00,0.00,0.0000
2026-05-31 02:34:14,brandimarte_mk10,LPT_MMUR,44,29500.02,23,LeftVert_Row0,VerticalAisle,North,374,1161,290.30,0.25,0.7564
2026-05-31 02:34:14,brandimarte_mk10,LPT_MMUR,44,29500.02,24,LeftVert_Row1,VerticalAisle,North,374,81,20.30,0.25,0.1780
2026-05-31 02:34:14,brandimarte_mk10,LPT_MMUR,44,29500.02,25,LeftVert_Row2,VerticalAisle,North,260,270,67.52,0.25,0.5094
2026-05-31 02:34:14,brandimarte_mk10,LPT_MMUR,44,29500.02,26,LeftVert_BotConn,VerticalAisle,North,260,604,151.02,0.25,0.6991
2026-05-31 02:34:14,brandimarte_mk10,LPT_MMUR,44,29500.02,27,RightVert_TopConn,VerticalAisle,South,20,0,0.00,0.00,0.0000
2026-05-31 02:34:14,brandimarte_mk10,LPT_MMUR,44,29500.02,28,RightVert_Row0,VerticalAisle,South,374,10,2.50,0.25,0.0260
2026-05-31 02:34:14,brandimarte_mk10,LPT_MMUR,44,29500.02,29,RightVert_Row1,VerticalAisle,South,374,23,5.80,0.25,0.0579
2026-05-31 02:34:14,brandimarte_mk10,LPT_MMUR,44,29500.02,30,RightVert_Row2,VerticalAisle,South,260,0,0.00,0.00,0.0000
2026-05-31 02:34:14,brandimarte_mk10,LPT_MMUR,44,29500.02,31,RightVert_BotConn,VerticalAisle,South,260,0,0.00,0.00,0.0000
2026-05-31 02:46:56,brandimarte_mk11,LPT_MMUR,42,30966.69,0,RowAisle0_Seg0,RowAisle,East,259,1175,293.75,0.25,0.8194
2026-05-31 02:46:56,brandimarte_mk11,LPT_MMUR,42,30966.69,1,RowAisle0_Seg1,RowAisle,East,259,123,30.75,0.25,0.3220
2026-05-31 02:46:56,brandimarte_mk11,LPT_MMUR,42,30966.69,2,RowAisle0_Seg2,RowAisle,East,259,10,2.50,0.25,0.0372
2026-05-31 02:46:56,brandimarte_mk11,LPT_MMUR,42,30966.69,3,TopSpine_Seg0,SpineAisle,East,30,0,0.00,0.00,0.0000
2026-05-31 02:46:56,brandimarte_mk11,LPT_MMUR,42,30966.69,4,TopSpine_Seg1,SpineAisle,East,30,0,0.00,0.00,0.0000
2026-05-31 02:46:56,brandimarte_mk11,LPT_MMUR,42,30966.69,5,TopSpine_Seg2,SpineAisle,East,30,0,0.00,0.00,0.0000
2026-05-31 02:46:56,brandimarte_mk11,LPT_MMUR,42,30966.69,6,TopSpine_Seg3,SpineAisle,East,30,0,0.00,0.00,0.0000
2026-05-31 02:46:56,brandimarte_mk11,LPT_MMUR,42,30966.69,7,BotSpine_Seg0,SpineAisle,West,289,0,0.00,0.00,0.0000
2026-05-31 02:46:56,brandimarte_mk11,LPT_MMUR,42,30966.69,8,BotSpine_Seg1,SpineAisle,West,289,0,0.00,0.00,0.0000
2026-05-31 02:46:56,brandimarte_mk11,LPT_MMUR,42,30966.69,9,BotSpine_Seg2,SpineAisle,West,289,0,0.00,0.00,0.0000
2026-05-31 02:46:56,brandimarte_mk11,LPT_MMUR,42,30966.69,10,BotSpine_Seg3,SpineAisle,West,289,0,0.00,0.00,0.0000
2026-05-31 02:46:56,brandimarte_mk11,LPT_MMUR,42,30966.69,11,LeftVert_TopConn,VerticalAisle,North,30,0,0.00,0.00,0.0000
2026-05-31 02:46:56,brandimarte_mk11,LPT_MMUR,42,30966.69,12,LeftVert_Row0,VerticalAisle,North,289,1344,336.00,0.25,0.8230
2026-05-31 02:46:56,brandimarte_mk11,LPT_MMUR,42,30966.69,13,LeftVert_BotConn,VerticalAisle,North,289,1081,270.25,0.25,0.7891
2026-05-31 02:46:56,brandimarte_mk11,LPT_MMUR,42,30966.69,14,RightVert_TopConn,VerticalAisle,South,30,0,0.00,0.00,0.0000
2026-05-31 02:46:56,brandimarte_mk11,LPT_MMUR,42,30966.69,15,RightVert_Row0,VerticalAisle,South,289,0,0.00,0.00,0.0000
2026-05-31 02:46:56,brandimarte_mk11,LPT_MMUR,42,30966.69,16,RightVert_BotConn,VerticalAisle,South,289,3,0.75,0.25,0.0103
2026-05-31 02:59:39,brandimarte_mk11,LPT_MMUR,43,30966.69,0,RowAisle0_Seg0,RowAisle,East,259,1174,293.50,0.25,0.8193
2026-05-31 02:59:39,brandimarte_mk11,LPT_MMUR,43,30966.69,1,RowAisle0_Seg1,RowAisle,East,259,123,30.75,0.25,0.3220
2026-05-31 02:59:39,brandimarte_mk11,LPT_MMUR,43,30966.69,2,RowAisle0_Seg2,RowAisle,East,259,11,2.75,0.25,0.0407
2026-05-31 02:59:39,brandimarte_mk11,LPT_MMUR,43,30966.69,3,TopSpine_Seg0,SpineAisle,East,30,0,0.00,0.00,0.0000
2026-05-31 02:59:39,brandimarte_mk11,LPT_MMUR,43,30966.69,4,TopSpine_Seg1,SpineAisle,East,30,0,0.00,0.00,0.0000
2026-05-31 02:59:39,brandimarte_mk11,LPT_MMUR,43,30966.69,5,TopSpine_Seg2,SpineAisle,East,30,0,0.00,0.00,0.0000
2026-05-31 02:59:39,brandimarte_mk11,LPT_MMUR,43,30966.69,6,TopSpine_Seg3,SpineAisle,East,30,0,0.00,0.00,0.0000
2026-05-31 02:59:39,brandimarte_mk11,LPT_MMUR,43,30966.69,7,BotSpine_Seg0,SpineAisle,West,289,0,0.00,0.00,0.0000
2026-05-31 02:59:39,brandimarte_mk11,LPT_MMUR,43,30966.69,8,BotSpine_Seg1,SpineAisle,West,289,0,0.00,0.00,0.0000
2026-05-31 02:59:39,brandimarte_mk11,LPT_MMUR,43,30966.69,9,BotSpine_Seg2,SpineAisle,West,289,0,0.00,0.00,0.0000
2026-05-31 02:59:39,brandimarte_mk11,LPT_MMUR,43,30966.69,10,BotSpine_Seg3,SpineAisle,West,289,0,0.00,0.00,0.0000
2026-05-31 02:59:39,brandimarte_mk11,LPT_MMUR,43,30966.69,11,LeftVert_TopConn,VerticalAisle,North,30,0,0.00,0.00,0.0000
2026-05-31 02:59:39,brandimarte_mk11,LPT_MMUR,43,30966.69,12,LeftVert_Row0,VerticalAisle,North,289,1342,335.50,0.25,0.8228
2026-05-31 02:59:39,brandimarte_mk11,LPT_MMUR,43,30966.69,13,LeftVert_BotConn,VerticalAisle,North,289,1081,270.25,0.25,0.7891
2026-05-31 02:59:39,brandimarte_mk11,LPT_MMUR,43,30966.69,14,RightVert_TopConn,VerticalAisle,South,30,0,0.00,0.00,0.0000
2026-05-31 02:59:39,brandimarte_mk11,LPT_MMUR,43,30966.69,15,RightVert_Row0,VerticalAisle,South,289,0,0.00,0.00,0.0000
2026-05-31 02:59:39,brandimarte_mk11,LPT_MMUR,43,30966.69,16,RightVert_BotConn,VerticalAisle,South,289,3,0.75,0.25,0.0103
2026-05-31 03:12:23,brandimarte_mk11,LPT_MMUR,44,30966.66,0,RowAisle0_Seg0,RowAisle,East,259,1175,293.75,0.25,0.8194
2026-05-31 03:12:23,brandimarte_mk11,LPT_MMUR,44,30966.66,1,RowAisle0_Seg1,RowAisle,East,259,123,30.75,0.25,0.3220
2026-05-31 03:12:23,brandimarte_mk11,LPT_MMUR,44,30966.66,2,RowAisle0_Seg2,RowAisle,East,259,10,2.50,0.25,0.0372
2026-05-31 03:12:23,brandimarte_mk11,LPT_MMUR,44,30966.66,3,TopSpine_Seg0,SpineAisle,East,30,0,0.00,0.00,0.0000
2026-05-31 03:12:23,brandimarte_mk11,LPT_MMUR,44,30966.66,4,TopSpine_Seg1,SpineAisle,East,30,0,0.00,0.00,0.0000
2026-05-31 03:12:23,brandimarte_mk11,LPT_MMUR,44,30966.66,5,TopSpine_Seg2,SpineAisle,East,30,0,0.00,0.00,0.0000
2026-05-31 03:12:23,brandimarte_mk11,LPT_MMUR,44,30966.66,6,TopSpine_Seg3,SpineAisle,East,30,0,0.00,0.00,0.0000
2026-05-31 03:12:23,brandimarte_mk11,LPT_MMUR,44,30966.66,7,BotSpine_Seg0,SpineAisle,West,289,0,0.00,0.00,0.0000
2026-05-31 03:12:23,brandimarte_mk11,LPT_MMUR,44,30966.66,8,BotSpine_Seg1,SpineAisle,West,289,0,0.00,0.00,0.0000
2026-05-31 03:12:23,brandimarte_mk11,LPT_MMUR,44,30966.66,9,BotSpine_Seg2,SpineAisle,West,289,0,0.00,0.00,0.0000
2026-05-31 03:12:23,brandimarte_mk11,LPT_MMUR,44,30966.66,10,BotSpine_Seg3,SpineAisle,West,289,0,0.00,0.00,0.0000
2026-05-31 03:12:23,brandimarte_mk11,LPT_MMUR,44,30966.66,11,LeftVert_TopConn,VerticalAisle,North,30,0,0.00,0.00,0.0000
2026-05-31 03:12:23,brandimarte_mk11,LPT_MMUR,44,30966.66,12,LeftVert_Row0,VerticalAisle,North,289,1344,336.00,0.25,0.8230
2026-05-31 03:12:23,brandimarte_mk11,LPT_MMUR,44,30966.66,13,LeftVert_BotConn,VerticalAisle,North,289,1081,270.25,0.25,0.7891
2026-05-31 03:12:23,brandimarte_mk11,LPT_MMUR,44,30966.66,14,RightVert_TopConn,VerticalAisle,South,30,0,0.00,0.00,0.0000
2026-05-31 03:12:23,brandimarte_mk11,LPT_MMUR,44,30966.66,15,RightVert_Row0,VerticalAisle,South,289,0,0.00,0.00,0.0000
2026-05-31 03:12:23,brandimarte_mk11,LPT_MMUR,44,30966.66,16,RightVert_BotConn,VerticalAisle,South,289,3,0.75,0.25,0.0103
2026-05-31 03:34:01,brandimarte_mk13,LPT_MMUR,42,52133.31,0,RowAisle0_Seg0,RowAisle,East,329,209,52.25,0.25,0.3885
2026-05-31 03:34:01,brandimarte_mk13,LPT_MMUR,42,52133.31,1,RowAisle0_Seg1,RowAisle,East,329,332,83.00,0.25,0.5023
2026-05-31 03:34:01,brandimarte_mk13,LPT_MMUR,42,52133.31,2,RowAisle0_Seg2,RowAisle,East,329,138,34.50,0.25,0.2955
2026-05-31 03:34:01,brandimarte_mk13,LPT_MMUR,42,52133.31,3,RowAisle0_Seg3,RowAisle,East,329,9,2.25,0.25,0.0266
2026-05-31 03:34:01,brandimarte_mk13,LPT_MMUR,42,52133.31,4,RowAisle1_Seg0,RowAisle,West,98,0,0.00,0.00,0.0000
2026-05-31 03:34:01,brandimarte_mk13,LPT_MMUR,42,52133.31,5,RowAisle1_Seg1,RowAisle,West,98,0,0.00,0.00,0.0000
2026-05-31 03:34:01,brandimarte_mk13,LPT_MMUR,42,52133.31,6,RowAisle1_Seg2,RowAisle,West,98,0,0.00,0.00,0.0000
2026-05-31 03:34:01,brandimarte_mk13,LPT_MMUR,42,52133.31,7,RowAisle1_Seg3,RowAisle,West,98,0,0.00,0.00,0.0000
2026-05-31 03:34:01,brandimarte_mk13,LPT_MMUR,42,52133.31,8,TopSpine_Seg0,SpineAisle,East,30,0,0.00,0.00,0.0000
2026-05-31 03:34:01,brandimarte_mk13,LPT_MMUR,42,52133.31,9,TopSpine_Seg1,SpineAisle,East,30,0,0.00,0.00,0.0000
2026-05-31 03:34:01,brandimarte_mk13,LPT_MMUR,42,52133.31,10,TopSpine_Seg2,SpineAisle,East,30,0,0.00,0.00,0.0000
2026-05-31 03:34:01,brandimarte_mk13,LPT_MMUR,42,52133.31,11,TopSpine_Seg3,SpineAisle,East,30,0,0.00,0.00,0.0000
2026-05-31 03:34:01,brandimarte_mk13,LPT_MMUR,42,52133.31,12,TopSpine_Seg4,SpineAisle,East,30,0,0.00,0.00,0.0000
2026-05-31 03:34:01,brandimarte_mk13,LPT_MMUR,42,52133.31,13,BotSpine_Seg0,SpineAisle,West,261,0,0.00,0.00,0.0000
2026-05-31 03:34:01,brandimarte_mk13,LPT_MMUR,42,52133.31,14,BotSpine_Seg1,SpineAisle,West,261,0,0.00,0.00,0.0000
2026-05-31 03:34:01,brandimarte_mk13,LPT_MMUR,42,52133.31,15,BotSpine_Seg2,SpineAisle,West,261,0,0.00,0.00,0.0000
2026-05-31 03:34:01,brandimarte_mk13,LPT_MMUR,42,52133.31,16,BotSpine_Seg3,SpineAisle,West,261,0,0.00,0.00,0.0000
2026-05-31 03:34:01,brandimarte_mk13,LPT_MMUR,42,52133.31,17,BotSpine_Seg4,SpineAisle,West,261,0,0.00,0.00,0.0000
2026-05-31 03:34:01,brandimarte_mk13,LPT_MMUR,42,52133.31,18,LeftVert_TopConn,VerticalAisle,North,30,0,0.00,0.00,0.0000
2026-05-31 03:34:01,brandimarte_mk13,LPT_MMUR,42,52133.31,19,LeftVert_Row0,VerticalAisle,North,359,1304,326.00,0.25,0.7841
2026-05-31 03:34:01,brandimarte_mk13,LPT_MMUR,42,52133.31,20,LeftVert_Row1,VerticalAisle,North,359,0,0.00,0.00,0.0000
2026-05-31 03:34:01,brandimarte_mk13,LPT_MMUR,42,52133.31,21,LeftVert_BotConn,VerticalAisle,North,261,513,128.25,0.25,0.6628
2026-05-31 03:34:01,brandimarte_mk13,LPT_MMUR,42,52133.31,22,RightVert_TopConn,VerticalAisle,South,30,0,0.00,0.00,0.0000
2026-05-31 03:34:01,brandimarte_mk13,LPT_MMUR,42,52133.31,23,RightVert_Row0,VerticalAisle,South,359,1,0.25,0.25,0.0028
2026-05-31 03:34:01,brandimarte_mk13,LPT_MMUR,42,52133.31,24,RightVert_Row1,VerticalAisle,South,359,2,0.50,0.25,0.0055
2026-05-31 03:34:01,brandimarte_mk13,LPT_MMUR,42,52133.31,25,RightVert_BotConn,VerticalAisle,South,261,0,0.00,0.00,0.0000
2026-05-31 03:55:35,brandimarte_mk13,LPT_MMUR,43,52133.34,0,RowAisle0_Seg0,RowAisle,East,329,210,52.50,0.25,0.3896
2026-05-31 03:55:35,brandimarte_mk13,LPT_MMUR,43,52133.34,1,RowAisle0_Seg1,RowAisle,East,329,332,83.00,0.25,0.5023
2026-05-31 03:55:35,brandimarte_mk13,LPT_MMUR,43,52133.34,2,RowAisle0_Seg2,RowAisle,East,329,139,34.75,0.25,0.2970
2026-05-31 03:55:35,brandimarte_mk13,LPT_MMUR,43,52133.34,3,RowAisle0_Seg3,RowAisle,East,329,10,2.50,0.25,0.0295
2026-05-31 03:55:35,brandimarte_mk13,LPT_MMUR,43,52133.34,4,RowAisle1_Seg0,RowAisle,West,98,0,0.00,0.00,0.0000
2026-05-31 03:55:35,brandimarte_mk13,LPT_MMUR,43,52133.34,5,RowAisle1_Seg1,RowAisle,West,98,0,0.00,0.00,0.0000
2026-05-31 03:55:35,brandimarte_mk13,LPT_MMUR,43,52133.34,6,RowAisle1_Seg2,RowAisle,West,98,0,0.00,0.00,0.0000
2026-05-31 03:55:35,brandimarte_mk13,LPT_MMUR,43,52133.34,7,RowAisle1_Seg3,RowAisle,West,98,0,0.00,0.00,0.0000
2026-05-31 03:55:35,brandimarte_mk13,LPT_MMUR,43,52133.34,8,TopSpine_Seg0,SpineAisle,East,30,0,0.00,0.00,0.0000
2026-05-31 03:55:35,brandimarte_mk13,LPT_MMUR,43,52133.34,9,TopSpine_Seg1,SpineAisle,East,30,0,0.00,0.00,0.0000
2026-05-31 03:55:35,brandimarte_mk13,LPT_MMUR,43,52133.34,10,TopSpine_Seg2,SpineAisle,East,30,0,0.00,0.00,0.0000
2026-05-31 03:55:35,brandimarte_mk13,LPT_MMUR,43,52133.34,11,TopSpine_Seg3,SpineAisle,East,30,0,0.00,0.00,0.0000
2026-05-31 03:55:35,brandimarte_mk13,LPT_MMUR,43,52133.34,12,TopSpine_Seg4,SpineAisle,East,30,0,0.00,0.00,0.0000
2026-05-31 03:55:35,brandimarte_mk13,LPT_MMUR,43,52133.34,13,BotSpine_Seg0,SpineAisle,West,261,0,0.00,0.00,0.0000
2026-05-31 03:55:35,brandimarte_mk13,LPT_MMUR,43,52133.34,14,BotSpine_Seg1,SpineAisle,West,261,0,0.00,0.00,0.0000
2026-05-31 03:55:35,brandimarte_mk13,LPT_MMUR,43,52133.34,15,BotSpine_Seg2,SpineAisle,West,261,0,0.00,0.00,0.0000
2026-05-31 03:55:35,brandimarte_mk13,LPT_MMUR,43,52133.34,16,BotSpine_Seg3,SpineAisle,West,261,0,0.00,0.00,0.0000
2026-05-31 03:55:35,brandimarte_mk13,LPT_MMUR,43,52133.34,17,BotSpine_Seg4,SpineAisle,West,261,0,0.00,0.00,0.0000
2026-05-31 03:55:35,brandimarte_mk13,LPT_MMUR,43,52133.34,18,LeftVert_TopConn,VerticalAisle,North,30,0,0.00,0.00,0.0000
2026-05-31 03:55:35,brandimarte_mk13,LPT_MMUR,43,52133.34,19,LeftVert_Row0,VerticalAisle,North,359,1305,326.25,0.25,0.7843
2026-05-31 03:55:35,brandimarte_mk13,LPT_MMUR,43,52133.34,20,LeftVert_Row1,VerticalAisle,North,359,0,0.00,0.00,0.0000
2026-05-31 03:55:35,brandimarte_mk13,LPT_MMUR,43,52133.34,21,LeftVert_BotConn,VerticalAisle,North,261,513,128.25,0.25,0.6628
2026-05-31 03:55:35,brandimarte_mk13,LPT_MMUR,43,52133.34,22,RightVert_TopConn,VerticalAisle,South,30,0,0.00,0.00,0.0000
2026-05-31 03:55:35,brandimarte_mk13,LPT_MMUR,43,52133.34,23,RightVert_Row0,VerticalAisle,South,359,2,0.50,0.25,0.0055
2026-05-31 03:55:35,brandimarte_mk13,LPT_MMUR,43,52133.34,24,RightVert_Row1,VerticalAisle,South,359,2,0.50,0.25,0.0055
2026-05-31 03:55:35,brandimarte_mk13,LPT_MMUR,43,52133.34,25,RightVert_BotConn,VerticalAisle,South,261,0,0.00,0.00,0.0000
2026-05-31 04:17:05,brandimarte_mk13,LPT_MMUR,44,52133.31,0,RowAisle0_Seg0,RowAisle,East,329,209,52.25,0.25,0.3885
2026-05-31 04:17:05,brandimarte_mk13,LPT_MMUR,44,52133.31,1,RowAisle0_Seg1,RowAisle,East,329,334,83.50,0.25,0.5038
2026-05-31 04:17:05,brandimarte_mk13,LPT_MMUR,44,52133.31,2,RowAisle0_Seg2,RowAisle,East,329,139,34.75,0.25,0.2970
2026-05-31 04:17:05,brandimarte_mk13,LPT_MMUR,44,52133.31,3,RowAisle0_Seg3,RowAisle,East,329,9,2.25,0.25,0.0266
2026-05-31 04:17:05,brandimarte_mk13,LPT_MMUR,44,52133.31,4,RowAisle1_Seg0,RowAisle,West,98,0,0.00,0.00,0.0000
2026-05-31 04:17:05,brandimarte_mk13,LPT_MMUR,44,52133.31,5,RowAisle1_Seg1,RowAisle,West,98,0,0.00,0.00,0.0000
2026-05-31 04:17:05,brandimarte_mk13,LPT_MMUR,44,52133.31,6,RowAisle1_Seg2,RowAisle,West,98,0,0.00,0.00,0.0000
2026-05-31 04:17:05,brandimarte_mk13,LPT_MMUR,44,52133.31,7,RowAisle1_Seg3,RowAisle,West,98,0,0.00,0.00,0.0000
2026-05-31 04:17:05,brandimarte_mk13,LPT_MMUR,44,52133.31,8,TopSpine_Seg0,SpineAisle,East,30,0,0.00,0.00,0.0000
2026-05-31 04:17:05,brandimarte_mk13,LPT_MMUR,44,52133.31,9,TopSpine_Seg1,SpineAisle,East,30,0,0.00,0.00,0.0000
2026-05-31 04:17:05,brandimarte_mk13,LPT_MMUR,44,52133.31,10,TopSpine_Seg2,SpineAisle,East,30,0,0.00,0.00,0.0000
2026-05-31 04:17:05,brandimarte_mk13,LPT_MMUR,44,52133.31,11,TopSpine_Seg3,SpineAisle,East,30,0,0.00,0.00,0.0000
2026-05-31 04:17:05,brandimarte_mk13,LPT_MMUR,44,52133.31,12,TopSpine_Seg4,SpineAisle,East,30,0,0.00,0.00,0.0000
2026-05-31 04:17:05,brandimarte_mk13,LPT_MMUR,44,52133.31,13,BotSpine_Seg0,SpineAisle,West,261,0,0.00,0.00,0.0000
2026-05-31 04:17:05,brandimarte_mk13,LPT_MMUR,44,52133.31,14,BotSpine_Seg1,SpineAisle,West,261,0,0.00,0.00,0.0000
2026-05-31 04:17:05,brandimarte_mk13,LPT_MMUR,44,52133.31,15,BotSpine_Seg2,SpineAisle,West,261,0,0.00,0.00,0.0000
2026-05-31 04:17:05,brandimarte_mk13,LPT_MMUR,44,52133.31,16,BotSpine_Seg3,SpineAisle,West,261,0,0.00,0.00,0.0000
2026-05-31 04:17:05,brandimarte_mk13,LPT_MMUR,44,52133.31,17,BotSpine_Seg4,SpineAisle,West,261,0,0.00,0.00,0.0000
2026-05-31 04:17:05,brandimarte_mk13,LPT_MMUR,44,52133.31,18,LeftVert_TopConn,VerticalAisle,North,30,0,0.00,0.00,0.0000
2026-05-31 04:17:05,brandimarte_mk13,LPT_MMUR,44,52133.31,19,LeftVert_Row0,VerticalAisle,North,359,1302,325.50,0.25,0.7839
2026-05-31 04:17:05,brandimarte_mk13,LPT_MMUR,44,52133.31,20,LeftVert_Row1,VerticalAisle,North,359,0,0.00,0.00,0.0000
2026-05-31 04:17:05,brandimarte_mk13,LPT_MMUR,44,52133.31,21,LeftVert_BotConn,VerticalAisle,North,261,513,128.25,0.25,0.6628
2026-05-31 04:17:05,brandimarte_mk13,LPT_MMUR,44,52133.31,22,RightVert_TopConn,VerticalAisle,South,30,0,0.00,0.00,0.0000
2026-05-31 04:17:05,brandimarte_mk13,LPT_MMUR,44,52133.31,23,RightVert_Row0,VerticalAisle,South,359,1,0.25,0.25,0.0028
2026-05-31 04:17:05,brandimarte_mk13,LPT_MMUR,44,52133.31,24,RightVert_Row1,VerticalAisle,South,359,2,0.50,0.25,0.0055
2026-05-31 04:17:05,brandimarte_mk13,LPT_MMUR,44,52133.31,25,RightVert_BotConn,VerticalAisle,South,261,0,0.00,0.00,0.0000
2026-05-31 04:34:01,brandimarte_mk15,LPT_MMUR,42,40766.66,0,RowAisle0_Seg0,RowAisle,East,423,558,139.50,0.25,0.5688
2026-05-31 04:34:01,brandimarte_mk15,LPT_MMUR,42,40766.66,1,RowAisle0_Seg1,RowAisle,East,423,243,60.75,0.25,0.3649
2026-05-31 04:34:01,brandimarte_mk15,LPT_MMUR,42,40766.66,2,RowAisle0_Seg2,RowAisle,East,423,219,54.75,0.25,0.3411
2026-05-31 04:34:01,brandimarte_mk15,LPT_MMUR,42,40766.66,3,RowAisle0_Seg3,RowAisle,East,423,15,3.75,0.25,0.0342
2026-05-31 04:34:01,brandimarte_mk15,LPT_MMUR,42,40766.66,4,RowAisle1_Seg0,RowAisle,West,140,8,2.00,0.25,0.0541
2026-05-31 04:34:01,brandimarte_mk15,LPT_MMUR,42,40766.66,5,RowAisle1_Seg1,RowAisle,West,140,92,23.00,0.25,0.3966
2026-05-31 04:34:01,brandimarte_mk15,LPT_MMUR,42,40766.66,6,RowAisle1_Seg2,RowAisle,West,140,0,0.00,0.00,0.0000
2026-05-31 04:34:01,brandimarte_mk15,LPT_MMUR,42,40766.66,7,RowAisle1_Seg3,RowAisle,West,140,0,0.00,0.00,0.0000
2026-05-31 04:34:01,brandimarte_mk15,LPT_MMUR,42,40766.66,8,RowAisle2_Seg0,RowAisle,East,22,0,0.00,0.00,0.0000
2026-05-31 04:34:01,brandimarte_mk15,LPT_MMUR,42,40766.66,9,RowAisle2_Seg1,RowAisle,East,22,0,0.00,0.00,0.0000
2026-05-31 04:34:01,brandimarte_mk15,LPT_MMUR,42,40766.66,10,RowAisle2_Seg2,RowAisle,East,22,0,0.00,0.00,0.0000
2026-05-31 04:34:01,brandimarte_mk15,LPT_MMUR,42,40766.66,11,RowAisle2_Seg3,RowAisle,East,22,0,0.00,0.00,0.0000
2026-05-31 04:34:01,brandimarte_mk15,LPT_MMUR,42,40766.66,12,TopSpine_Seg0,SpineAisle,East,30,0,0.00,0.00,0.0000
2026-05-31 04:34:01,brandimarte_mk15,LPT_MMUR,42,40766.66,13,TopSpine_Seg1,SpineAisle,East,30,0,0.00,0.00,0.0000
2026-05-31 04:34:01,brandimarte_mk15,LPT_MMUR,42,40766.66,14,TopSpine_Seg2,SpineAisle,East,30,0,0.00,0.00,0.0000
2026-05-31 04:34:01,brandimarte_mk15,LPT_MMUR,42,40766.66,15,TopSpine_Seg3,SpineAisle,East,30,0,0.00,0.00,0.0000
2026-05-31 04:34:01,brandimarte_mk15,LPT_MMUR,42,40766.66,16,TopSpine_Seg4,SpineAisle,East,30,0,0.00,0.00,0.0000
2026-05-31 04:34:01,brandimarte_mk15,LPT_MMUR,42,40766.66,17,BotSpine_Seg0,SpineAisle,West,334,1,0.25,0.25,0.0030
2026-05-31 04:34:01,brandimarte_mk15,LPT_MMUR,42,40766.66,18,BotSpine_Seg1,SpineAisle,West,334,0,0.00,0.00,0.0000
2026-05-31 04:34:01,brandimarte_mk15,LPT_MMUR,42,40766.66,19,BotSpine_Seg2,SpineAisle,West,335,0,0.00,0.00,0.0000
2026-05-31 04:34:01,brandimarte_mk15,LPT_MMUR,42,40766.66,20,BotSpine_Seg3,SpineAisle,West,335,0,0.00,0.00,0.0000
2026-05-31 04:34:01,brandimarte_mk15,LPT_MMUR,42,40766.66,21,BotSpine_Seg4,SpineAisle,West,335,0,0.00,0.00,0.0000
2026-05-31 04:34:01,brandimarte_mk15,LPT_MMUR,42,40766.66,22,LeftVert_TopConn,VerticalAisle,North,30,0,0.00,0.00,0.0000
2026-05-31 04:34:01,brandimarte_mk15,LPT_MMUR,42,40766.66,23,LeftVert_Row0,VerticalAisle,North,453,1150,287.50,0.25,0.7174
2026-05-31 04:34:01,brandimarte_mk15,LPT_MMUR,42,40766.66,24,LeftVert_Row1,VerticalAisle,North,453,512,128.00,0.25,0.5306
2026-05-31 04:34:01,brandimarte_mk15,LPT_MMUR,42,40766.66,25,LeftVert_Row2,VerticalAisle,North,335,39,9.75,0.25,0.1043
2026-05-31 04:34:01,brandimarte_mk15,LPT_MMUR,42,40766.66,26,LeftVert_BotConn,VerticalAisle,North,335,692,173.00,0.25,0.6738
2026-05-31 04:34:01,brandimarte_mk15,LPT_MMUR,42,40766.66,27,RightVert_TopConn,VerticalAisle,South,30,0,0.00,0.00,0.0000
2026-05-31 04:34:01,brandimarte_mk15,LPT_MMUR,42,40766.66,28,RightVert_Row0,VerticalAisle,South,453,6,1.50,0.25,0.0131
2026-05-31 04:34:01,brandimarte_mk15,LPT_MMUR,42,40766.66,29,RightVert_Row1,VerticalAisle,South,453,37,9.25,0.25,0.0755
2026-05-31 04:34:01,brandimarte_mk15,LPT_MMUR,42,40766.66,30,RightVert_Row2,VerticalAisle,South,335,25,6.25,0.25,0.0694
2026-05-31 04:34:01,brandimarte_mk15,LPT_MMUR,42,40766.66,31,RightVert_BotConn,VerticalAisle,South,335,22,5.50,0.25,0.0616
2026-05-31 04:50:57,brandimarte_mk15,LPT_MMUR,43,40766.63,0,RowAisle0_Seg0,RowAisle,East,423,560,140.00,0.25,0.5697
2026-05-31 04:50:57,brandimarte_mk15,LPT_MMUR,43,40766.63,1,RowAisle0_Seg1,RowAisle,East,423,243,60.75,0.25,0.3649
2026-05-31 04:50:57,brandimarte_mk15,LPT_MMUR,43,40766.63,2,RowAisle0_Seg2,RowAisle,East,423,218,54.50,0.25,0.3401
2026-05-31 04:50:57,brandimarte_mk15,LPT_MMUR,43,40766.63,3,RowAisle0_Seg3,RowAisle,East,423,16,4.00,0.25,0.0364
2026-05-31 04:50:57,brandimarte_mk15,LPT_MMUR,43,40766.63,4,RowAisle1_Seg0,RowAisle,West,140,8,2.00,0.25,0.0541
2026-05-31 04:50:57,brandimarte_mk15,LPT_MMUR,43,40766.63,5,RowAisle1_Seg1,RowAisle,West,140,92,23.00,0.25,0.3966
2026-05-31 04:50:57,brandimarte_mk15,LPT_MMUR,43,40766.63,6,RowAisle1_Seg2,RowAisle,West,140,0,0.00,0.00,0.0000
2026-05-31 04:50:57,brandimarte_mk15,LPT_MMUR,43,40766.63,7,RowAisle1_Seg3,RowAisle,West,140,0,0.00,0.00,0.0000
2026-05-31 04:50:57,brandimarte_mk15,LPT_MMUR,43,40766.63,8,RowAisle2_Seg0,RowAisle,East,22,0,0.00,0.00,0.0000
2026-05-31 04:50:57,brandimarte_mk15,LPT_MMUR,43,40766.63,9,RowAisle2_Seg1,RowAisle,East,22,0,0.00,0.00,0.0000
2026-05-31 04:50:57,brandimarte_mk15,LPT_MMUR,43,40766.63,10,RowAisle2_Seg2,RowAisle,East,22,0,0.00,0.00,0.0000
2026-05-31 04:50:57,brandimarte_mk15,LPT_MMUR,43,40766.63,11,RowAisle2_Seg3,RowAisle,East,22,0,0.00,0.00,0.0000
2026-05-31 04:50:57,brandimarte_mk15,LPT_MMUR,43,40766.63,12,TopSpine_Seg0,SpineAisle,East,30,0,0.00,0.00,0.0000
2026-05-31 04:50:57,brandimarte_mk15,LPT_MMUR,43,40766.63,13,TopSpine_Seg1,SpineAisle,East,30,0,0.00,0.00,0.0000
2026-05-31 04:50:57,brandimarte_mk15,LPT_MMUR,43,40766.63,14,TopSpine_Seg2,SpineAisle,East,30,0,0.00,0.00,0.0000
2026-05-31 04:50:57,brandimarte_mk15,LPT_MMUR,43,40766.63,15,TopSpine_Seg3,SpineAisle,East,30,0,0.00,0.00,0.0000
2026-05-31 04:50:57,brandimarte_mk15,LPT_MMUR,43,40766.63,16,TopSpine_Seg4,SpineAisle,East,30,0,0.00,0.00,0.0000
2026-05-31 04:50:57,brandimarte_mk15,LPT_MMUR,43,40766.63,17,BotSpine_Seg0,SpineAisle,West,334,0,0.00,0.00,0.0000
2026-05-31 04:50:57,brandimarte_mk15,LPT_MMUR,43,40766.63,18,BotSpine_Seg1,SpineAisle,West,334,0,0.00,0.00,0.0000
2026-05-31 04:50:57,brandimarte_mk15,LPT_MMUR,43,40766.63,19,BotSpine_Seg2,SpineAisle,West,335,0,0.00,0.00,0.0000
2026-05-31 04:50:57,brandimarte_mk15,LPT_MMUR,43,40766.63,20,BotSpine_Seg3,SpineAisle,West,335,0,0.00,0.00,0.0000
2026-05-31 04:50:57,brandimarte_mk15,LPT_MMUR,43,40766.63,21,BotSpine_Seg4,SpineAisle,West,335,0,0.00,0.00,0.0000
2026-05-31 04:50:57,brandimarte_mk15,LPT_MMUR,43,40766.63,22,LeftVert_TopConn,VerticalAisle,North,30,0,0.00,0.00,0.0000
2026-05-31 04:50:57,brandimarte_mk15,LPT_MMUR,43,40766.63,23,LeftVert_Row0,VerticalAisle,North,453,1150,287.50,0.25,0.7174
2026-05-31 04:50:57,brandimarte_mk15,LPT_MMUR,43,40766.63,24,LeftVert_Row1,VerticalAisle,North,453,513,128.25,0.25,0.5311
2026-05-31 04:50:57,brandimarte_mk15,LPT_MMUR,43,40766.63,25,LeftVert_Row2,VerticalAisle,North,335,39,9.75,0.25,0.1043
2026-05-31 04:50:57,brandimarte_mk15,LPT_MMUR,43,40766.63,26,LeftVert_BotConn,VerticalAisle,North,335,693,173.25,0.25,0.6741
2026-05-31 04:50:57,brandimarte_mk15,LPT_MMUR,43,40766.63,27,RightVert_TopConn,VerticalAisle,South,30,0,0.00,0.00,0.0000
2026-05-31 04:50:57,brandimarte_mk15,LPT_MMUR,43,40766.63,28,RightVert_Row0,VerticalAisle,South,453,7,1.75,0.25,0.0152
2026-05-31 04:50:57,brandimarte_mk15,LPT_MMUR,43,40766.63,29,RightVert_Row1,VerticalAisle,South,453,36,9.00,0.25,0.0736
2026-05-31 04:50:57,brandimarte_mk15,LPT_MMUR,43,40766.63,30,RightVert_Row2,VerticalAisle,South,335,25,6.25,0.25,0.0694
2026-05-31 04:50:57,brandimarte_mk15,LPT_MMUR,43,40766.63,31,RightVert_BotConn,VerticalAisle,South,335,23,5.75,0.25,0.0642
2026-05-31 05:07:53,brandimarte_mk15,LPT_MMUR,44,40766.63,0,RowAisle0_Seg0,RowAisle,East,423,562,140.50,0.25,0.5706
2026-05-31 05:07:53,brandimarte_mk15,LPT_MMUR,44,40766.63,1,RowAisle0_Seg1,RowAisle,East,423,243,60.75,0.25,0.3649
2026-05-31 05:07:53,brandimarte_mk15,LPT_MMUR,44,40766.63,2,RowAisle0_Seg2,RowAisle,East,423,218,54.50,0.25,0.3401
2026-05-31 05:07:53,brandimarte_mk15,LPT_MMUR,44,40766.63,3,RowAisle0_Seg3,RowAisle,East,423,14,3.50,0.25,0.0320
2026-05-31 05:07:53,brandimarte_mk15,LPT_MMUR,44,40766.63,4,RowAisle1_Seg0,RowAisle,West,140,8,2.00,0.25,0.0541
2026-05-31 05:07:53,brandimarte_mk15,LPT_MMUR,44,40766.63,5,RowAisle1_Seg1,RowAisle,West,140,92,23.00,0.25,0.3966
2026-05-31 05:07:53,brandimarte_mk15,LPT_MMUR,44,40766.63,6,RowAisle1_Seg2,RowAisle,West,140,0,0.00,0.00,0.0000
2026-05-31 05:07:53,brandimarte_mk15,LPT_MMUR,44,40766.63,7,RowAisle1_Seg3,RowAisle,West,140,0,0.00,0.00,0.0000
2026-05-31 05:07:53,brandimarte_mk15,LPT_MMUR,44,40766.63,8,RowAisle2_Seg0,RowAisle,East,22,0,0.00,0.00,0.0000
2026-05-31 05:07:53,brandimarte_mk15,LPT_MMUR,44,40766.63,9,RowAisle2_Seg1,RowAisle,East,22,0,0.00,0.00,0.0000
2026-05-31 05:07:53,brandimarte_mk15,LPT_MMUR,44,40766.63,10,RowAisle2_Seg2,RowAisle,East,22,0,0.00,0.00,0.0000
2026-05-31 05:07:53,brandimarte_mk15,LPT_MMUR,44,40766.63,11,RowAisle2_Seg3,RowAisle,East,22,0,0.00,0.00,0.0000
2026-05-31 05:07:53,brandimarte_mk15,LPT_MMUR,44,40766.63,12,TopSpine_Seg0,SpineAisle,East,30,0,0.00,0.00,0.0000
2026-05-31 05:07:53,brandimarte_mk15,LPT_MMUR,44,40766.63,13,TopSpine_Seg1,SpineAisle,East,30,0,0.00,0.00,0.0000
2026-05-31 05:07:53,brandimarte_mk15,LPT_MMUR,44,40766.63,14,TopSpine_Seg2,SpineAisle,East,30,0,0.00,0.00,0.0000
2026-05-31 05:07:53,brandimarte_mk15,LPT_MMUR,44,40766.63,15,TopSpine_Seg3,SpineAisle,East,30,0,0.00,0.00,0.0000
2026-05-31 05:07:53,brandimarte_mk15,LPT_MMUR,44,40766.63,16,TopSpine_Seg4,SpineAisle,East,30,0,0.00,0.00,0.0000
2026-05-31 05:07:53,brandimarte_mk15,LPT_MMUR,44,40766.63,17,BotSpine_Seg0,SpineAisle,West,334,0,0.00,0.00,0.0000
2026-05-31 05:07:53,brandimarte_mk15,LPT_MMUR,44,40766.63,18,BotSpine_Seg1,SpineAisle,West,334,0,0.00,0.00,0.0000
2026-05-31 05:07:53,brandimarte_mk15,LPT_MMUR,44,40766.63,19,BotSpine_Seg2,SpineAisle,West,335,0,0.00,0.00,0.0000
2026-05-31 05:07:53,brandimarte_mk15,LPT_MMUR,44,40766.63,20,BotSpine_Seg3,SpineAisle,West,335,0,0.00,0.00,0.0000
2026-05-31 05:07:53,brandimarte_mk15,LPT_MMUR,44,40766.63,21,BotSpine_Seg4,SpineAisle,West,335,0,0.00,0.00,0.0000
2026-05-31 05:07:53,brandimarte_mk15,LPT_MMUR,44,40766.63,22,LeftVert_TopConn,VerticalAisle,North,30,0,0.00,0.00,0.0000
2026-05-31 05:07:53,brandimarte_mk15,LPT_MMUR,44,40766.63,23,LeftVert_Row0,VerticalAisle,North,453,1151,287.75,0.25,0.7176
2026-05-31 05:07:53,brandimarte_mk15,LPT_MMUR,44,40766.63,24,LeftVert_Row1,VerticalAisle,North,453,516,129.00,0.25,0.5325
2026-05-31 05:07:53,brandimarte_mk15,LPT_MMUR,44,40766.63,25,LeftVert_Row2,VerticalAisle,North,335,39,9.75,0.25,0.1043
2026-05-31 05:07:53,brandimarte_mk15,LPT_MMUR,44,40766.63,26,LeftVert_BotConn,VerticalAisle,North,335,692,173.00,0.25,0.6738
2026-05-31 05:07:53,brandimarte_mk15,LPT_MMUR,44,40766.63,27,RightVert_TopConn,VerticalAisle,South,30,0,0.00,0.00,0.0000
2026-05-31 05:07:53,brandimarte_mk15,LPT_MMUR,44,40766.63,28,RightVert_Row0,VerticalAisle,South,453,8,2.00,0.25,0.0174
2026-05-31 05:07:53,brandimarte_mk15,LPT_MMUR,44,40766.63,29,RightVert_Row1,VerticalAisle,South,453,37,9.25,0.25,0.0755
2026-05-31 05:07:53,brandimarte_mk15,LPT_MMUR,44,40766.63,30,RightVert_Row2,VerticalAisle,South,335,23,5.75,0.25,0.0642
2026-05-31 05:07:53,brandimarte_mk15,LPT_MMUR,44,40766.63,31,RightVert_BotConn,VerticalAisle,South,335,24,6.00,0.25,0.0669
